QUADRO DE CONTROLE DE OBRA;Unnamed: 1;Unnamed: 2;Unnamed: 3;Unnamed: 4;Unnamed: 5;Unnamed: 6;Unnamed: 7;Unnamed: 8;Unnamed: 9
;;;;;;;;;
;;;Obra: ;Complexo Alto Tietê - OAE Marginal - fase 02;;;P3931;;
;;;Estrada: ;SP-021 - Rodoanel Mário Covas - Leste;;;;;
;;;km / estaca: ;km 114+600 ao  km 117+000;;;;;
N;FOL / CÓD.;REV.;ASSUNTO;;R0;R1;R2;R3;R4
;;;;;;;;;
1;AB-SPM00021D-114.117-825-C01-001;3;Implantação - Planta, elevação e sondagens - apoios 1 a 13;;2025-07-11 00:00:00;2025-07-17 00:00:00;2025-07-21 00:00:00;2025-07-25 00:00:00;
2;AB-SPM00021D-114.117-825-C01-002;3;Implantação - Planta, elevação e sondagens - apoios 13 a 21 - parte 1/2;;2025-08-06 00:00:00;2025-08-08 00:00:00;2025-09-26 00:00:00;2026-02-17 00:00:00;
3;AB-SPM00021D-114.117-825-C01-003;3;Implantação - Planta, elevação e sondagens - apoios 13 a 21 - parte 2/2;;2025-08-06 00:00:00;2025-08-08 00:00:00;2025-09-26 00:00:00;2025-09-29 00:00:00;
4;AB-SPM00021D-114.117-825-C01-004;2;Implantação - Planta, elevação e sondagens - apoios 21 a 33;;2025-07-25 00:00:00;2025-08-06 00:00:00;2025-09-26 00:00:00;;
5;AB-SPM00021D-114.117-825-C01-005;2;Implantação - Planta, elevação e sondagens - apoios 33 a 45;;2026-08-11 00:00:00;2025-08-22 00:00:00;2025-08-29 00:00:00;;
6;AB-SPM00021D-114.117-825-C01-006;0;Implantação - Planta, elevação e sondagens - apoios 45 a 57;;2025-09-26 00:00:00;;;;
7;AB-SPM00021D-114.117-825-C01-007;1;Implantação - Planta, elevação e sondagens - apoios 57 a 68;;2025-12-01 00:00:00;2026-01-23 00:00:00;;;
8;AB-SPM00021D-114.117-825-C01-008;3;Implantação - Planta, elevação e sondagens - apoios 68 a 74;;2026-01-14 00:00:00;2026-01-23 00:00:00;2026-02-27 00:00:00;2026-03-17 00:00:00;
9;AB-SPM00021D-114.117-825-C01-009;1;Implantação - Planta, elevação e sondagens - apoios 74 a 87;;2026-01-14 00:00:00;2026-02-27 00:00:00;;;
10;AB-SPM00021D-114.117-825-C01-010;1;Implantação - Planta, elevação e sondagens - apoios 87 a 99;;2026-01-08 00:00:00;2026-02-27 00:00:00;;;
11;AB-SPM00021D-114.117-825-C01-011;1;Implantação - Planta, elevação e sondagens - apoios 99 a 111;;2026-01-14 00:00:00;2026-02-27 00:00:00;;;
12;AB-SPM00021D-114.117-825-C01-012;1;Implantação - Planta, elevação e sondagens - apoios 111 a 123;;2026-01-08 00:00:00;2026-02-27 00:00:00;;;
13;AB-SPM00021D-114.117-825-C01-013;1;Implantação - Planta, elevação e sondagens - apoios 123 a 135;;2026-01-14 00:00:00;2026-02-27 00:00:00;;;
14;AB-SPM00021D-114.117-825-C01-014;1;Implantação - Planta, elevação e sondagens - apoios 135 a 147;;2026-01-15 00:00:00;2026-02-27 00:00:00;;;
15;AB-SPM00021D-114.117-825-C01-015;1;Implantação - Planta, elevação e sondagens - apoios 147 a 159;;2026-01-15 00:00:00;2026-02-27 00:00:00;;;
16;AB-SPM00021D-114.117-825-C01-016;1;Implantação - Planta, elevação e sondagens - apoios 159 a 171;;2026-02-05 00:00:00;2026-02-27 00:00:00;;;
17;AB-SPM00021D-114.117-825-C01-017;1;Implantação - Planta, elevação e sondagens - apoios 171 a 177;;2026-02-19 00:00:00;2026-03-20 00:00:00;;;
18;AB-SPM00021D-114.117-825-C01-018;1;Formas - Seções e detalhes dos apoios 1 a 10;;2025-07-17 00:00:00;2025-07-21 00:00:00;;;
19;AB-SPM00021D-114.117-825-C01-019;0;Formas - Seções e detalhes do apoio 11;;2025-07-25 00:00:00;;;;
20;AB-SPM00021D-114.117-825-C01-020;0;Formas - Seções e detalhes do apoio 12;;2025-07-25 00:00:00;;;;
21;AB-SPM00021D-114.117-825-C01-021;0;Formas - Seções e detalhes do apoio 13;;2025-07-25 00:00:00;;;;
22;AB-SPM00021D-114.117-825-C01-022;0;Formas - Seções e detalhes do apoio 14;;2025-07-30 00:00:00;;;;
23;AB-SPM00021D-114.117-825-C01-023;0;Formas - Seções e detalhes do apoio 15;;2025-08-07 00:00:00;;;;
24;AB-SPM00021D-114.117-825-C01-024;1;Formas - Seções e detalhes do apoio 16;;2025-08-07 00:00:00;2025-11-03 00:00:00;;;
25;AB-SPM00021D-114.117-825-C01-025;1;Formas - Seções e detalhes do apoio 17;;2025-08-07 00:00:00;2025-10-03 00:00:00;;;
26;AB-SPM00021D-114.117-825-C01-026;1;Formas - Seções e detalhes do apoio 18;;2026-08-11 00:00:00;2025-10-03 00:00:00;;;
27;AB-SPM00021D-114.117-825-C01-027;1;Formas - Seções e detalhes do apoio 19;;2026-08-11 00:00:00;2025-10-03 00:00:00;;;
28;AB-SPM00021D-114.117-825-C01-028;3;Formas - Seções e detalhes do apoio 20 (pórtico sinalização);;2026-08-11 00:00:00;2025-09-30 00:00:00;2025-10-30 00:00:00;2026-01-06 00:00:00;
29;AB-SPM00021D-114.117-825-C01-029;3;Formas - Seções e detalhes dos apoios 21, 22, 25 e 26;;2025-08-15 00:00:00;2025-09-30 00:00:00;2025-10-30 00:00:00;2026-01-06 00:00:00;
30;AB-SPM00021D-114.117-825-C01-030;2;Formas - Seções e detalhes do apoio 27 a 29;;2025-08-15 00:00:00;2025-09-30 00:00:00;2026-01-06 00:00:00;;
31;AB-SPM00021D-114.117-825-C01-031;1;Formas - Seções e detalhes do apoio 30;;2025-08-15 00:00:00;2025-10-02 00:00:00;;;
32;AB-SPM00021D-114.117-825-C01-032;3;Formas - Seções e detalhes do apoio 31;;2025-08-15 00:00:00;2025-08-29 00:00:00;2025-10-02 00:00:00;2026-01-06 00:00:00;
33;AB-SPM00021D-114.117-825-C01-033;2;Formas - Seções e detalhes do apoio 32;;2025-08-15 00:00:00;2025-10-03 00:00:00;2026-01-08 00:00:00;;
34;AB-SPM00021D-114.117-825-C01-034;2;Formas - Seções e detalhes do apoio 33;;2025-08-15 00:00:00;2025-10-03 00:00:00;2026-01-15 00:00:00;;
35;AB-SPM00021D-114.117-825-C01-035;2;Formas - Seções e detalhes do apoio 34;;2025-08-15 00:00:00;2025-10-03 00:00:00;2026-01-15 00:00:00;;
36;AB-SPM00021D-114.117-825-C01-036;2;Formas - Seções e detalhes do apoio 35;;2025-08-22 00:00:00;2025-10-03 00:00:00;2026-01-15 00:00:00;;
37;AB-SPM00021D-114.117-825-C01-037;2;Formas - Seções e detalhes do apoio 35A;;2025-08-22 00:00:00;2025-10-03 00:00:00;2026-01-15 00:00:00;;
38;AB-SPM00021D-114.117-825-C01-038;3;Formas - Seções e detalhes do apoio 36 a 45;;2025-08-22 00:00:00;2025-10-03 00:00:00;2026-01-06 00:00:00;2026-01-15 00:00:00;
39;AB-SPM00021D-114.117-825-C01-039;2;Formas - Seções e detalhes dos apoios 46 a 51;;2025-08-22 00:00:00;2026-01-06 00:00:00;2026-01-15 00:00:00;;
40;AB-SPM00021D-114.117-825-C01-040;1;Formas - Seções e detalhes do apoio 52;;2025-08-22 00:00:00;2026-01-15 00:00:00;;;
41;AB-SPM00021D-114.117-825-C01-041;2;Formas - Seções e detalhes do apoio 53;;2025-08-22 00:00:00;2025-12-02 00:00:00;2026-01-15 00:00:00;;
42;AB-SPM00021D-114.117-825-C01-042;1;Formas - Seções e detalhes do apoio 54;;2025-11-13 00:00:00;2026-01-15 00:00:00;;;
43;AB-SPM00021D-114.117-825-C01-043;1;Formas - Seções e detalhes do apoio 55;;2025-12-02 00:00:00;2026-01-15 00:00:00;;;
44;AB-SPM00021D-114.117-825-C01-044;1;Formas - Seções e detalhes do apoio 56 a 66;;2025-12-02 00:00:00;2026-01-15 00:00:00;;;
45;AB-SPM00021D-114.117-825-C01-045;1;Formas - Seções e detalhes dos apoios 23 e 24 (pórtico sinalização);;2025-10-30 00:00:00;2026-01-15 00:00:00;;;
46;AB-SPM00021D-114.117-825-C01-046;1;Formas - Seções e detalhes do apoio 67;;2026-01-15 00:00:00;2026-01-29 00:00:00;;;
47;AB-SPM00021D-114.117-825-C01-047;1;Formas - Seções e detalhes do apoio 68;;2026-01-15 00:00:00;2026-01-30 00:00:00;;;
48;AB-SPM00021D-114.117-825-C01-048;0;Formas - Seções e detalhes do apoio 69;;2026-01-30 00:00:00;;;;
49;AB-SPM00021D-114.117-825-C01-049;1;Formas - Seções e detalhes do apoio 70;;2026-02-06 00:00:00;2026-02-18 00:00:00;;;
50;AB-SPM00021D-114.117-825-C01-050;0;Formas - Seções e detalhes do apoio 71;;2026-02-17 00:00:00;;;;
51;AB-SPM00021D-114.117-825-C01-051;;Formas - Seções e detalhes do apoio 72;;;;;;
52;AB-SPM00021D-114.117-825-C01-052;;Formas - Seções e detalhes do apoio 73;;;;;;
53;AB-SPM00021D-114.117-825-C01-053;;Formas - Seções e detalhes do apoio 74 a 77, 79 e 80;;;;;;
54;AB-SPM00021D-114.117-825-C01-054;;Formas - Seções e detalhes do apoio 81;;;;;;
55;AB-SPM00021D-114.117-825-C01-055;;Formas - Seções e detalhes do apoio 82;;;;;;
56;AB-SPM00021D-114.117-825-C01-056;;Formas - Seções e detalhes do apoio 83;;;;;;
57;AB-SPM00021D-114.117-825-C01-057;;Formas - Seções e detalhes do apoio 84;;;;;;
58;AB-SPM00021D-114.117-825-C01-058;;Formas - Seções e detalhes do apoio 85;;;;;;
59;AB-SPM00021D-114.117-825-C01-059;;Formas - Seções e detalhes do apoio 86;;;;;;
60;AB-SPM00021D-114.117-825-C01-060;;Formas - Seções e detalhes do apoio 87;;;;;;
61;AB-SPM00021D-114.117-825-C01-061;;Formas - Seções e detalhes do apoio 88;;;;;;
62;AB-SPM00021D-114.117-825-C01-062;;Formas - Seções e detalhes do apoio 89;;;;;;
63;AB-SPM00021D-114.117-825-C01-063;;Formas - Seções e detalhes do apoio 90;;;;;;
64;AB-SPM00021D-114.117-825-C01-064;;Formas - Seções e detalhes do apoio 91;;;;;;
65;AB-SPM00021D-114.117-825-C01-065;;Formas - Seções e detalhes do apoio 92;;;;;;
66;AB-SPM00021D-114.117-825-C01-066;;Formas - Seções e detalhes do apoio 93;;;;;;
67;AB-SPM00021D-114.117-825-C01-067;0;Formas - Seções e detalhes do apoio 95 a 99;;2026-02-18 00:00:00;;;;
68;AB-SPM00021D-114.117-825-C01-068;0;Formas - Seções e detalhes do apoio 100 a 104;;2026-02-18 00:00:00;;;;
69;AB-SPM00021D-114.117-825-C01-069;0;Formas - Seções e detalhes do apoio 105 a 108, 110 e 111;;2026-02-18 00:00:00;;;;
70;AB-SPM00021D-114.117-825-C01-070;0;Formas - Seções e detalhes do apoio 112 a 118;;2026-02-18 00:00:00;;;;
71;AB-SPM00021D-114.117-825-C01-071;0;Formas - Seções e detalhes do apoio 119 a 125;;2026-02-19 00:00:00;;;;
72;AB-SPM00021D-114.117-825-C01-072;0;Formas - Seções e detalhes do apoio 126 a 132;;2026-02-20 00:00:00;;;;
73;AB-SPM00021D-114.117-825-C01-073;0;Formas - Seções e detalhes do apoio 133 e 135 a 140;;2026-02-20 00:00:00;;;;
74;AB-SPM00021D-114.117-825-C01-074;0;Formas - Seções e detalhes do apoio 141 a 148;;2026-02-24 00:00:00;;;;
75;AB-SPM00021D-114.117-825-C01-075;0;Formas - Seções e detalhes do apoio 149;;2026-02-24 00:00:00;;;;
76;AB-SPM00021D-114.117-825-C01-076;0;Formas - Seções e detalhes do apoio 150;;2026-02-26 00:00:00;;;;
77;AB-SPM00021D-114.117-825-C01-077;0;Formas - Seções e detalhes do apoio 151;;2026-02-26 00:00:00;;;;
78;AB-SPM00021D-114.117-825-C01-078;;Formas - Seções e detalhes do apoio 152;;;;;;
79;AB-SPM00021D-114.117-825-C01-079;;Formas - Seções e detalhes do apoio 153;;;;;;
80;AB-SPM00021D-114.117-825-C01-080;;Formas - Seções e detalhes do apoio 154;;;;;;
81;AB-SPM00021D-114.117-825-C01-081;;Formas - Seções e detalhes do apoio 155 a 161;;;;;;
82;AB-SPM00021D-114.117-825-C01-082;;Formas - Seções e detalhes do apoio 162;;;;;;
83;AB-SPM00021D-114.117-825-C01-083;;Formas - Seções e detalhes do apoio 163;;;;;;
84;AB-SPM00021D-114.117-825-C01-084;;Formas - Seções e detalhes do apoio 164;;;;;;
85;AB-SPM00021D-114.117-825-C01-085;;Formas - Seções e detalhes do apoio 165;;;;;;
86;AB-SPM00021D-114.117-825-C01-086;;Formas - Seções e detalhes do apoio 166;;;;;;
87;AB-SPM00021D-114.117-825-C01-087;;Formas - Seções e detalhes do apoio 167;;;;;;
88;AB-SPM00021D-114.117-825-C01-088;;Formas - Seções e detalhes do apoio 168;;;;;;
89;AB-SPM00021D-114.117-825-C01-089;;Formas - Seções e detalhes do apoio 169;;;;;;
90;AB-SPM00021D-114.117-825-C01-090;;Formas - Seções e detalhes do apoio 170;;;;;;
91;AB-SPM00021D-114.117-825-C01-091;;Formas - Seções e detalhes do apoio 171;;;;;;
92;AB-SPM00021D-114.117-825-C01-092;;Formas - Seções e detalhes do apoio 172;;;;;;
93;AB-SPM00021D-114.117-825-C01-093;;Formas - Seções e detalhes do apoio 173;;;;;;
94;AB-SPM00021D-114.117-825-C01-094;0;Formas - Seções e detalhes do apoio 174;;2026-03-27 00:00:00;;;;
95;AB-SPM00021D-114.117-825-C01-095;0;Formas - Seções e detalhes do apoio 175;;2026-03-27 00:00:00;;;;
96;AB-SPM00021D-114.117-825-C01-096;0;Formas - Seções e detalhes do apoio 176;;2026-03-27 00:00:00;;;;
97;AB-SPM00021D-114.117-825-C01-097;0;Formas - Seções e detalhes do apoio 177;;2026-03-27 00:00:00;;;;
98;AB-SPM00021D-114.117-825-C01-098;0;Formas - Seções e detalhes do apoio 178;;2026-03-27 00:00:00;;;;
99;AB-SPM00021D-114.117-825-C01-099;0;Formas - Seções e detalhes do apoio 179;;2026-03-27 00:00:00;;;;
100;AB-SPM00021D-114.117-825-C01-100;0;Formas - Seções e detalhes do apoio 180;;2026-03-27 00:00:00;;;;
101;AB-SPM00021D-114.117-825-C01-101;0;Formas - Seções e detalhes do apoio 181;;2026-03-27 00:00:00;;;;
102;AB-SPM00021D-114.117-825-C01-102;0;Formas - Seções e detalhes do apoio 182;;2026-03-27 00:00:00;;;;
103;AB-SPM00021D-114.117-825-C01-103;0;Formas - Plantas - apoios 1 a 21;;2025-12-01 00:00:00;;;;
104;AB-SPM00021D-114.117-825-C01-104;0;Formas - Plantas - apoios 21 a 45;;2026-02-06 00:00:00;;;;
105;AB-SPM00021D-114.117-825-C01-105;0;Formas - Plantas - apoios 45 a 68;;2026-03-05 00:00:00;;;;
106;AB-SPM00021D-114.117-825-C01-106;;Formas - Plantas - apoios 68 a 87;;;;;;
107;AB-SPM00021D-114.117-825-C01-107;;Formas - Plantas - apoios 87 a 111;;;;;;
108;AB-SPM00021D-114.117-825-C01-108;;Formas - Plantas - apoios 111 a 135;;;;;;
109;AB-SPM00021D-114.117-825-C01-109;0;Formas - Plantas - apoios 135 a 159;;2026-03-27 00:00:00;;;;
110;AB-SPM00021D-114.117-825-C01-110;0;Formas - Plantas - apoios 159 a 177;;2026-03-27 00:00:00;;;;
111;AB-SPM00021D-114.117-825-C01-111;0;Formas - Plantas - apoios 177 a 182;;2026-03-27 00:00:00;;;;
112;AB-SPM00021D-114.117-825-C01-112;1;Implantação - Planta, elevação e sondagens - apoios 177 a 182;;2026-02-20 00:00:00;2026-03-27 00:00:00;;;
113;AB-SPM00021D-114.117-825-C01-113;0;Formas - Seções e detalhes do apoio 94;;2026-02-17 00:00:00;;;;
114;AB-SPM00021D-114.117-825-C01-114;0;Formas - Seções e detalhes do apoio 78 (pórtico sinalização);;2026-02-17 00:00:00;;;;
115;AB-SPM00021D-114.117-825-C01-115;;Formas - Seções e detalhes do apoio 109 (pórtico sinalização);;;;;;
116;AB-SPM00021D-114.117-825-C01-116;;Formas - Seções e detalhes do apoio 134 (pórtico sinalização);;;;;;
117;AB-SPM00021D-114.117-825-C01-117;;Cablagem viga pré-moldada de 31.10m  (vãos 68, 669 e 70);;;;;;
118;AB-SPM00021D-114.117-825-C01-118;;Armadura suplementar da viga pré-moldada de 31.10m (vãos 68, 69 e 70);;;;;;
119;AB-SPM00021D-114.117-825-C01-119;;Cablagem viga pré-moldada de 28.35m  (vão 68);;;;;;
120;AB-SPM00021D-114.117-825-C01-120;;Armadura suplementar da viga pré-moldada de 28.35m (vão 68);;;;;;
121;AB-SPM00021D-114.117-825-C01-121;;Cablagem viga pré-moldada de 25.60m  (vão 68);;;;;;
122;AB-SPM00021D-114.117-825-C01-122;;Armadura suplementar da viga pré-moldada de 25.60m (vão 68);;;;;;
123;AB-SPM00021D-114.117-825-C01-123;;Cablagem viga pré-moldada de 22.85m  (vão 68);;;;;;
124;AB-SPM00021D-114.117-825-C01-124;;Armadura suplementar da viga pré-moldada de 22.85m (vão 68);;;;;;
125;AB-SPM00021D-114.117-825-C01-125;;Cablagem viga pré-moldada de 22.85m  (vão 68);;;;;;
126;AB-SPM00021D-114.117-825-C01-126;;Armadura suplementar da viga pré-moldada de 22.8m (vão 68);;;;;;
127;AB-SPM00021D-114.117-825-C01-127;;Cablagem viga pré-moldada de 20.00m  (vão 71);;;;;;
128;AB-SPM00021D-114.117-825-C01-128;;Armadura suplementar da viga pré-moldada de 20.00m (vão 71);;;;;;
129;AB-SPM00021D-114.117-825-C01-129;;Cablagem viga pré-moldada de 22.50m  (vão 71);;;;;;
130;AB-SPM00021D-114.117-825-C01-130;;Armadura suplementar da viga pré-moldada de 22.50m (vão 71);;;;;;
131;AB-SPM00021D-114.117-825-C01-131;;Cablagem viga pré-moldada de 25.00m  (vão 71);;;;;;
132;AB-SPM00021D-114.117-825-C01-132;;Armadura suplementar da viga pré-moldada de 25.00m (vão 71);;;;;;
133;AB-SPM00021D-114.117-825-C01-133;;Cablagem viga pré-moldada de 27.50m  (vão 71);;;;;;
134;AB-SPM00021D-114.117-825-C01-134;;Armadura suplementar da viga pré-moldada de 27.50m (vão 71);;;;;;
135;AB-SPM00021D-114.117-825-C01-135;;Cablagem viga pré-moldada de 30.00m  (vão 71);;;;;;
136;AB-SPM00021D-114.117-825-C01-136;;Armadura suplementar da viga pré-moldada de 30.00m (vão 71);;;;;;
137;AB-SPM00021D-114.117-825-C01-137;;Cablagem viga pré-moldada de 18.00m  (vão 72);;;;;;
138;AB-SPM00021D-114.117-825-C01-138;;Armadura suplementar da viga pré-moldada de 18.00m (vão 72);;;;;;
139;AB-SPM00021D-114.117-825-C01-139;0;Forma e armadura das vigas pré-moldadas de 12.10m - tipo 2 (vãos 153 a 170);;2026-02-27 00:00:00;;;;
140;AB-SPM00021D-114.117-825-C01-140;0;Forma e armadura das vigas pré-moldadas de 8.60m (vãos 171 e 172);;2026-02-27 00:00:00;;;;
141;AB-SPM00021D-114.117-825-C01-141;;Cablagem viga pré-moldada de 30.00m  (vãos 174 a 177, 180 e 181);;;;;;
142;AB-SPM00021D-114.117-825-C01-142;;Armadura suplementar da viga pré-moldada de 30.00m (vãos 174 a 177, 180 e 181);;;;;;
143;AB-SPM00021D-114.117-825-C01-143;;Cablagem viga pré-moldada de 24.70m  (vão 178);;;;;;
144;AB-SPM00021D-114.117-825-C01-144;;Armadura suplementar da viga pré-moldada de 24.70m (vão 178);;;;;;
145;AB-SPM00021D-114.117-825-C01-145;;Cablagem viga pré-moldada de 35.20m  (vão 179);;;;;;
146;AB-SPM00021D-114.117-825-C01-146;;Armadura suplementar da viga pré-moldada de 35.20m (vão 179);;;;;;
147;AB-SPM00021D-114.117-825-C01-147;;Armadura das transversinas do vão 89;;;;;;
148;AB-SPM00021D-114.117-825-C01-148;;Armadura das transversinas do vão 90;;;;;;
149;AB-SPM00021D-114.117-825-C01-149;;Armadura das transversinas do vão 91;;;;;;
150;AB-SPM00021D-114.117-825-C01-150;;Armadura das transversinas do vão 92;;;;;;
151;AB-SPM00021D-114.117-825-C01-151;;Armadura das transversinas do vão 93;;;;;;
152;AB-SPM00021D-114.117-825-C01-152;;Armadura das transversinas do vão 148;;;;;;
153;AB-SPM00021D-114.117-825-C01-153;;Armadura das transversinas do vão 149;;;;;;
154;AB-SPM00021D-114.117-825-C01-154;;Armadura das transversinas do vão 150;;;;;;
155;AB-SPM00021D-114.117-825-C01-155;;Armadura das transversinas do vão 151;;;;;;
156;AB-SPM00021D-114.117-825-C01-156;;Armadura das transversinas do vão 152;;;;;;
157;AB-SPM00021D-114.117-825-C01-157;;Armadura das transversinas do vão 153;;;;;;
158;AB-SPM00021D-114.117-825-C01-158;;Armadura das transversinas dos vãos 154 a 161;;;;;;
159;AB-SPM00021D-114.117-825-C01-159;;Armadura das transversinas do vão 162;;;;;;
160;AB-SPM00021D-114.117-825-C01-160;;Armadura das transversinas do vão 163;;;;;;
161;AB-SPM00021D-114.117-825-C01-161;;Armadura das transversinas do vão 164;;;;;;
162;AB-SPM00021D-114.117-825-C01-162;3;Armadura das estacas raiz dos apoios 53 a 70;;2025-12-01 00:00:00;2025-12-23 00:00:00;2026-01-23 00:00:00;2026-03-17 00:00:00;
163;AB-SPM00021D-114.117-825-C01-163;1;Armadura das estacas raiz dos apoios 18 a 32;;2025-09-23 00:00:00;2025-09-25 00:00:00;;;
164;AB-SPM00021D-114.117-825-C01-164;0;Armadura das estacas raiz dos apoios 33 a 45;;2025-08-29 00:00:00;;;;
165;AB-SPM00021D-114.117-825-C01-165;0;Armadura das estacas raiz dos apoios 46 a 52;;2025-08-08 00:00:00;;;;
166;AB-SPM00021D-114.117-825-C01-166;1;Armadura das estacas raiz dos apoios 1 a 10;;2025-06-25 00:00:00;2025-07-30 00:00:00;;;
167;AB-SPM00021D-114.117-825-C01-167;2;Armadura das estacas raiz dos apoios 11 a 17;;2025-07-09 00:00:00;2025-07-17 00:00:00;2025-07-30 00:00:00;;
168;AB-SPM00021D-114.117-825-C01-168;2;Armadura dos blocos e pilares dos apoios 1 a 15;;2025-07-17 00:00:00;2025-07-21 00:00:00;2025-07-25 00:00:00;;
169;AB-SPM00021D-114.117-825-C01-169;0;Armadura dos blocos e pilares do apoio 16;;2025-08-01 00:00:00;;;;
170;AB-SPM00021D-114.117-825-C01-170;2;Armadura do bloco e pilar do apoio 17;;2025-08-07 00:00:00;2025-09-30 00:00:00;2025-12-01 00:00:00;;
171;AB-SPM00021D-114.117-825-C01-171;1;Armadura do bloco e pilar do apoio 18;;2025-08-22 00:00:00;2025-10-14 00:00:00;;;
172;AB-SPM00021D-114.117-825-C01-172;1;Armadura do bloco e pilar do apoio 19;;2025-08-22 00:00:00;2025-10-03 00:00:00;;;
173;AB-SPM00021D-114.117-825-C01-173;1;Armadura dos blocos e pilares dos apoios 20 a 30;;2025-08-22 00:00:00;2025-10-03 00:00:00;;;
174;AB-SPM00021D-114.117-825-C01-174;1;Armadura dos blocos e pilares do apoio 31;;2025-08-22 00:00:00;2025-10-03 00:00:00;;;
175;AB-SPM00021D-114.117-825-C01-175;1;Armadura dos blocos e pilares do apoio 32;;2025-08-22 00:00:00;2025-10-06 00:00:00;;;
176;AB-SPM00021D-114.117-825-C01-176;1;Armadura dos blocos e pilares do apoio 33;;2025-08-22 00:00:00;2025-10-06 00:00:00;;;
177;AB-SPM00021D-114.117-825-C01-177;1;Armadura dos blocos e pilares do apoio 34;;2025-08-22 00:00:00;2025-10-06 00:00:00;;;
178;AB-SPM00021D-114.117-825-C01-178;1;Armadura dos blocos e pilares dos apoios 35 e 35A;;2025-08-22 00:00:00;2025-10-06 00:00:00;;;
179;AB-SPM00021D-114.117-825-C01-179;1;Armadura dos blocos e pilares dos apoios 36 a 52;;2025-08-22 00:00:00;2025-09-26 00:00:00;;;
180;AB-SPM00021D-114.117-825-C01-180;1;Armadura dos blocos e pilares dos apoios 53 a 67;;2025-12-02 00:00:00;2026-01-30 00:00:00;;;
181;AB-SPM00021D-114.117-825-C01-181;0;Armadura dos blocos, pilares e travamentos dos apoios 74 a 82;;2026-03-10 00:00:00;;;;
182;AB-SPM00021D-114.117-825-C01-182;0;Armadura dos blocos e pilares dos apoios 68 e 69;;2026-06-10 00:00:00;;;;
183;AB-SPM00021D-114.117-825-C01-183;;Armadura dos blocos, pilares e travamento dos apoios 71 a 73;;;;;;
184;AB-SPM00021D-114.117-825-C01-184;;Armadura dos blocos, pilares e travamento do apoio 70 - parte 1/3;;;;;;
185;AB-SPM00021D-114.117-825-C01-185;;Armadura dos blocos, pilares e travamento do apoio 70 - parte 2/3;;;;;;
186;AB-SPM00021D-114.117-825-C01-186;;Armadura dos blocos, pilares e travamento do apoio 70 - parte 3/3;;;;;;
187;AB-SPM00021D-114.117-825-C01-187;;Armadura dos blocos, pilares e travamento dos apoios 83 a 89;;;;;;
188;AB-SPM00021D-114.117-825-C01-188;;Armadura dos blocos, pilares e travamento dos apoios 90 a 93;;;;;;
189;AB-SPM00021D-114.117-825-C01-189;0;Armadura dos blocos, pilares e travamento dos apoios 94 a 112;;2026-02-27 00:00:00;;;;
190;AB-SPM00021D-114.117-825-C01-190;0;Armadura dos blocos, pilares e travamento dos apoios 113 a 130;;2026-02-27 00:00:00;;;;
191;AB-SPM00021D-114.117-825-C01-191;0;Armadura dos blocos, pilares e travamento dos apoios 131 a 148;;2026-03-27 00:00:00;;;;
192;AB-SPM00021D-114.117-825-C01-192;0;Armadura dos blocos, pilares e travamento dos apoios 149 a 151;;2026-03-05 00:00:00;;;;
193;AB-SPM00021D-114.117-825-C01-193;0;Armadura dos blocos, pilares e travamento dos apoios 152 e 153;;2026-03-05 00:00:00;;;;
194;AB-SPM00021D-114.117-825-C01-194;0;Armadura dos blocos, pilares e travamento do apoio 154;;2026-02-17 00:00:00;;;;
195;AB-SPM00021D-114.117-825-C01-195;0;Armadura dos blocos, pilares e travamento dos apoios 155 a 162;;2026-02-17 00:00:00;;;;
196;AB-SPM00021D-114.117-825-C01-196;0;Armadura dos blocos, pilares e travamento dos apoios 163 a 166;;2026-03-05 00:00:00;;;;
197;AB-SPM00021D-114.117-825-C01-197;0;Armadura do bloco e pilar do apoio 167;;2026-03-05 00:00:00;;;;
198;AB-SPM00021D-114.117-825-C01-198;0;Armadura dos blocos e pilares dos apoios 168 a 172;;2026-03-27 00:00:00;;;;
199;AB-SPM00021D-114.117-825-C01-199;;Armadura do bloco e pilar do apoio 173;;;;;;
200;AB-SPM00021D-114.117-825-C01-200;;Armadura dos blocos e pilares dos apoios 174 a 182;;;;;;
201;AB-SPM00021D-114.117-825-C01-201;;Forma e armadura das pré-lajes do vão 82;;;;;;
202;AB-SPM00021D-114.117-825-C01-202;;Forma e armadura das pré-lajes do vão 83;;;;;;
203;AB-SPM00021D-114.117-825-C01-203;;Forma e armadura das pré-lajes do vão 84;;;;;;
204;AB-SPM00021D-114.117-825-C01-204;;Forma e armadura das pré-lajes do vão 85;;;;;;
205;AB-SPM00021D-114.117-825-C01-205;;Forma e armadura das pré-lajes do vão 86;;;;;;
206;AB-SPM00021D-114.117-825-C01-206;;Forma e armadura das pré-lajes do vão 87;;;;;;
207;AB-SPM00021D-114.117-825-C01-207;;Forma e armadura das pré-lajes do vão 88;;;;;;
208;AB-SPM00021D-114.117-825-C01-208;;Forma e armadura das pré-lajes do vão 89;;;;;;
209;AB-SPM00021D-114.117-825-C01-209;;Forma e armadura das pré-lajes do vão 90;;;;;;
210;AB-SPM00021D-114.117-825-C01-210;;Forma e armadura das pré-lajes do vão 91;;;;;;
211;AB-SPM00021D-114.117-825-C01-211;;Forma e armadura das pré-lajes do vão 92;;;;;;
212;AB-SPM00021D-114.117-825-C01-212;;Forma e armadura das pré-lajes do vão 93;;;;;;
213;AB-SPM00021D-114.117-825-C01-213;;Forma e armadura das pré-lajes dos vãos 94 a 147;;;;;;
214;AB-SPM00021D-114.117-825-C01-214;;Forma e armadura das pré-lajes do vão 148;;;;;;
215;AB-SPM00021D-114.117-825-C01-215;;Forma e armadura das pré-lajes do vão 149;;;;;;
216;AB-SPM00021D-114.117-825-C01-216;;Forma e armadura das pré-lajes do vão 150;;;;;;
217;AB-SPM00021D-114.117-825-C01-217;;Forma e armadura das pré-lajes do vão 151;;;;;;
218;AB-SPM00021D-114.117-825-C01-218;;Forma e armadura das pré-lajes do vão 152;;;;;;
219;AB-SPM00021D-114.117-825-C01-219;;Forma e armadura das pré-lajes do vão 153;;;;;;
220;AB-SPM00021D-114.117-825-C01-220;;Forma e armadura das pré-lajes dos vãos 154 a 161;;;;;;
221;AB-SPM00021D-114.117-825-C01-221;;Forma e armadura das pré-lajes dos vãos 162 e 163;;;;;;
222;AB-SPM00021D-114.117-825-C01-222;;Forma e armadura das pré-lajes dos vãos 164 e 165;;;;;;
223;AB-SPM00021D-114.117-825-C01-223;;Forma e armadura das pré-lajes dos vãos 166 e 167;;;;;;
224;AB-SPM00021D-114.117-825-C01-224;;Forma e armadura das pré-lajes dos vãos 168 e 170;;;;;;
225;AB-SPM00021D-114.117-825-C01-225;;Forma e armadura das pré-lajes dos vãos 171 e 172;;;;;;
226;AB-SPM00021D-114.117-825-C01-226;;Forma e armadura das pré-lajes dos vãos 173 a 181;;;;;;
227;AB-SPM00021D-114.117-825-C01-227;;Armadura das transversinas do vão 165;;;;;;
228;AB-SPM00021D-114.117-825-C01-228;;Armadura das transversinas do vão 166;;;;;;
229;AB-SPM00021D-114.117-825-C01-229;;Armadura das transversinas do vão 167;;;;;;
230;AB-SPM00021D-114.117-825-C01-230;;Armadura das transversinas dos vãos 168 e 169;;;;;;
231;AB-SPM00021D-114.117-825-C01-231;;Armadura das transversinas dos vãos 170 a 172;;;;;;
232;AB-SPM00021D-114.117-825-C01-232;;Armadura das transversinas dos vãos 173 a 181;;;;;;
233;AB-SPM00021D-114.117-825-C01-233;;Armadura da travessa do apoio 168;;;;;;
234;AB-SPM00021D-114.117-825-C01-234;;Armadura da travessa do apoio 169;;;;;;
235;AB-SPM00021D-114.117-825-C01-235;;Armadura da travessa do apoio 170;;;;;;
236;AB-SPM00021D-114.117-825-C01-236;;Armadura da travessa do apoio 171;;;;;;
237;AB-SPM00021D-114.117-825-C01-237;;Armadura da travessa do apoio 172;;;;;;
238;AB-SPM00021D-114.117-825-C01-238;;Armadura da travessa do apoio 173;;;;;;
239;AB-SPM00021D-114.117-825-C01-239;;Armadura das travessas dos apoios 174 a 181;;;;;;
240;AB-SPM00021D-114.117-825-C01-240;;Armadura da travessa do apoio 182;;;;;;
241;AB-SPM00021D-114.117-825-C01-241;0;Armadura das travessas dos apoios 1 a 11;;2025-07-30 00:00:00;;;;
242;AB-SPM00021D-114.117-825-C01-242;0;Armadura das travessas dos apoios 12 a 13;;2025-08-07 00:00:00;;;;
243;AB-SPM00021D-114.117-825-C01-243;0;Armadura das travessas dos apoios 14 a 15;;2025-08-07 00:00:00;;;;
244;AB-SPM00021D-114.117-825-C01-244;0;Armadura da travessa do apoio 16;;2025-08-29 00:00:00;;;;
245;AB-SPM00021D-114.117-825-C01-245;2;Armadura da travessa do apoio 17;;2025-08-29 00:00:00;2025-10-06 00:00:00;2025-10-15 00:00:00;;
246;AB-SPM00021D-114.117-825-C01-246;0;Armadura da travessa do apoio 18;;2025-10-14 00:00:00;;;;
247;AB-SPM00021D-114.117-825-C01-247;1;Armadura da travessa do apoio 19;;2025-08-29 00:00:00;2025-10-07 00:00:00;;;
248;AB-SPM00021D-114.117-825-C01-248;1;Armadura da travessa do apoio 20 (pórtico sinalização);;2025-08-07 00:00:00;2025-11-03 00:00:00;;;
249;AB-SPM00021D-114.117-825-C01-249;1;Armadura das travessas dos apoios 21, 22, 25 a 26;;2025-08-07 00:00:00;2025-11-03 00:00:00;;;
250;AB-SPM00021D-114.117-825-C01-250;0;Armadura das travessas dos apoios 27 a 30;;2025-08-07 00:00:00;;;;
251;AB-SPM00021D-114.117-825-C01-251;0;Armadura da travessa do apoio 31;;2025-08-07 00:00:00;;;;
252;AB-SPM00021D-114.117-825-C01-252;1;Armadura da travessa do apoio 32;;2025-08-15 00:00:00;2025-10-09 00:00:00;;;
253;AB-SPM00021D-114.117-825-C01-253;0;Armadura da travessa do apoio 33;;2025-08-15 00:00:00;;;;
254;AB-SPM00021D-114.117-825-C01-254;0;Armadura da travessa do apoio 34;;2025-10-07 00:00:00;;;;
255;AB-SPM00021D-114.117-825-C01-255;0;Armadura da travessa do apoio 35;;2025-10-07 00:00:00;;;;
256;AB-SPM00021D-114.117-825-C01-256;0;Armadura da travessa do apoio 35a;;2025-10-07 00:00:00;;;;
257;AB-SPM00021D-114.117-825-C01-257;0;Armadura das travessas dos apoios 36 a 51;;2025-08-07 00:00:00;;;;
258;AB-SPM00021D-114.117-825-C01-258;0;Armadura da travessa do apoio 52;;2025-10-07 00:00:00;;;;
259;AB-SPM00021D-114.117-825-C01-259;0;Armadura das travessas dos apoios 23 e 24 (pórtico sinalização);;2025-11-03 00:00:00;;;;
260;AB-SPM00021D-114.117-825-C01-260;0;Armadura da travessa do apoio 53;;2026-02-17 00:00:00;;;;
261;AB-SPM00021D-114.117-825-C01-261;0;Armadura da travessa do apoio 54;;2026-01-30 00:00:00;;;;
262;AB-SPM00021D-114.117-825-C01-262;0;Armadura da travessa do apoio 55;;2026-01-15 00:00:00;;;;
263;AB-SPM00021D-114.117-825-C01-263;0;Armadura das travessas dos apoios 56 a 67;;2026-01-15 00:00:00;;;;
264;AB-SPM00021D-114.117-825-C01-264;0;Armadura da travessa do apoio 68;;2026-03-31 00:00:00;;;;
265;AB-SPM00021D-114.117-825-C01-265;0;Armadura da travessa do apoio 69;;2026-03-31 00:00:00;;;;
266;AB-SPM00021D-114.117-825-C01-266;;Armadura da travessa do apoio 70;;;;;;
267;AB-SPM00021D-114.117-825-C01-267;;Armadura da travessa do apoio 71;;;;;;
268;AB-SPM00021D-114.117-825-C01-268;;Armadura da travessa do apoio 72;;;;;;
269;AB-SPM00021D-114.117-825-C01-269;;Armadura da travessa do apoio 73;;;;;;
270;AB-SPM00021D-114.117-825-C01-270;0;Armadura das travessas dos apoios 74 a 77 e 79 a 82;;2026-03-10 00:00:00;;;;
271;AB-SPM00021D-114.117-825-C01-271;;Armadura da travessa do apoio 78 (pórtico sinalização);;;;;;
272;AB-SPM00021D-114.117-825-C01-272;;Armadura da travessa do apoio 83;;;;;;
273;AB-SPM00021D-114.117-825-C01-273;;Armadura da travessa do apoio 84;;;;;;
274;AB-SPM00021D-114.117-825-C01-274;;Armadura da travessa do apoio 85;;;;;;
275;AB-SPM00021D-114.117-825-C01-275;;Armadura da travessa do apoio 86;;;;;;
276;AB-SPM00021D-114.117-825-C01-276;;Armadura da travessa do apoio 87;;;;;;
277;AB-SPM00021D-114.117-825-C01-277;;Armadura da travessa do apoio 88;;;;;;
278;AB-SPM00021D-114.117-825-C01-278;;Armadura da travessa do apoio 89;;;;;;
279;AB-SPM00021D-114.117-825-C01-279;;Armadura da travessa do apoio 90;;;;;;
280;AB-SPM00021D-114.117-825-C01-280;;Armadura da travessa do apoio 91;;;;;;
281;AB-SPM00021D-114.117-825-C01-281;;Armadura da travessa do apoio 92;;;;;;
282;AB-SPM00021D-114.117-825-C01-282;;Armadura da travessa do apoio 93;;;;;;
283;AB-SPM00021D-114.117-825-C01-283;0;Armadura das travessas dos apoios 94 a 104;;2026-03-17 00:00:00;;;;
284;AB-SPM00021D-114.117-825-C01-284;0;Armadura das travessas dos apoios 105 a 108 e 110 a 133 e 135 a 149;;2026-03-17 00:00:00;;;;
285;AB-SPM00021D-114.117-825-C01-285;;Armadura da travessa do apoio 109 (pórtico sinalização);;;;;;
286;AB-SPM00021D-114.117-825-C01-286;;Armadura da travessa do apoio 134 (pórtico sinalização);;;;;;
287;AB-SPM00021D-114.117-825-C01-287;;Armadura da travessa do apoio 150;;;;;;
288;AB-SPM00021D-114.117-825-C01-288;;Armadura da travessa do apoio 151;;;;;;
289;AB-SPM00021D-114.117-825-C01-289;;Armadura da travessa do apoio 152;;;;;;
290;AB-SPM00021D-114.117-825-C01-290;;Armadura da travessa do apoio 153;;;;;;
291;AB-SPM00021D-114.117-825-C01-291;;Armadura das travessas dos apoios 154 a 161;;;;;;
292;AB-SPM00021D-114.117-825-C01-292;;Armadura da travessa do apoio 162;;;;;;
293;AB-SPM00021D-114.117-825-C01-293;;Armadura da travessa do apoio 163;;;;;;
294;AB-SPM00021D-114.117-825-C01-294;;Armadura da travessa do apoio 164;;;;;;
295;AB-SPM00021D-114.117-825-C01-295;;Armadura da travessa do apoio 165;;;;;;
296;AB-SPM00021D-114.117-825-C01-296;;Armadura da travessa do apoio 166;;;;;;
297;AB-SPM00021D-114.117-825-C01-297;;Armadura da travessa do apoio 167;;;;;;
298;AB-SPM00021D-114.117-825-C01-298;0;Forma e armadura das vigas pré-moldadas de 7.60m (vão 35A e 81);;2025-11-19 00:00:00;;;;
299;AB-SPM00021D-114.117-825-C01-299;0;Forma e armadura das vigas pré-moldadas de 9.50m (vão 51);;2025-11-18 00:00:00;;;;
300;AB-SPM00021D-114.117-825-C01-300;4;Forma e armadura das vigas pré-moldadas de 12.10m;;2025-08-01 00:00:00;2025-10-06 00:00:00;2025-11-11 00:00:00;2026-01-06 00:00:00;2026-01-14 00:00:00
301;AB-SPM00021D-114.117-825-C01-301;1;Cablagem viga pré-moldada de 29.566m  (vão 16 / V16.1);;2025-07-25 00:00:00;2025-09-30 00:00:00;;;
302;AB-SPM00021D-114.117-825-C01-302;0;Armadura suplementar da viga pré-moldada de 29.566m;;2025-07-25 00:00:00;;;;
303;AB-SPM00021D-114.117-825-C01-303;1;Cablagem viga pré-moldada de 28.878m  (vão 16 / V16.2);;2025-07-25 00:00:00;2025-09-30 00:00:00;;;
304;AB-SPM00021D-114.117-825-C01-304;0;Armadura suplementar da viga pré-moldada de 28.878m;;2025-07-25 00:00:00;;;;
305;AB-SPM00021D-114.117-825-C01-305;1;Cablagem viga pré-moldada de 28.210m  (vão 16 / V16.3);;2025-07-25 00:00:00;2025-09-30 00:00:00;;;
306;AB-SPM00021D-114.117-825-C01-306;0;Armadura suplementar da viga pré-moldada de 28.210m;;2025-07-25 00:00:00;;;;
307;AB-SPM00021D-114.117-825-C01-307;1;Cablagem viga pré-moldada de 27.562m  (vão 16 / V16.4);;2025-07-25 00:00:00;2025-09-30 00:00:00;;;
308;AB-SPM00021D-114.117-825-C01-308;0;Armadura suplementar da viga pré-moldada de 27.562m;;2025-07-25 00:00:00;;;;
309;AB-SPM00021D-114.117-825-C01-309;1;Cablagem da viga pré-moldada V17.1 (33.20m / vão 17);;2025-07-25 00:00:00;2025-09-30 00:00:00;;;
310;AB-SPM00021D-114.117-825-C01-310;1;Armadura suplementar da viga pré-moldada de 33.20m;;2025-07-25 00:00:00;2025-09-30 00:00:00;;;
311;AB-SPM00021D-114.117-825-C01-311;1;Cablagem da viga pré-moldada de 33.15m  (vão 17);;2025-07-25 00:00:00;2025-09-30 00:00:00;;;
312;AB-SPM00021D-114.117-825-C01-312;1;Armadura suplementar da viga pré-moldada de 33.15m;;2025-07-25 00:00:00;2025-09-30 00:00:00;;;
313;AB-SPM00021D-114.117-825-C01-313;1;Cablagem da viga pré-moldada de 33.10m  (vão 17);;2025-07-25 00:00:00;2025-09-30 00:00:00;;;
314;AB-SPM00021D-114.117-825-C01-314;1;Armadura suplementar da viga pré-moldada de 33.10m;;2025-07-25 00:00:00;2025-09-30 00:00:00;;;
315;AB-SPM00021D-114.117-825-C01-315;1;Cablagem da viga pré-moldada de 33.05m  (vão 17);;2025-07-25 00:00:00;2025-09-30 00:00:00;;;
316;AB-SPM00021D-114.117-825-C01-316;1;Armadura suplementar da viga pré-moldada de 33.05m;;2025-07-25 00:00:00;2025-09-30 00:00:00;;;
317;AB-SPM00021D-114.117-825-C01-317;1;Cablagem da viga pré-moldada de 33.00m  (vão 17);;2025-07-30 00:00:00;2025-09-30 00:00:00;;;
318;AB-SPM00021D-114.117-825-C01-318;1;Armadura suplementar da viga pré-moldada de 33.00m;;2025-07-30 00:00:00;2025-09-30 00:00:00;;;
319;AB-SPM00021D-114.117-825-C01-319;1;Cablagem da viga pré-moldada de 21.66m  (V18.1 do vão 18);;2025-07-30 00:00:00;2025-09-30 00:00:00;;;
320;AB-SPM00021D-114.117-825-C01-320;1;Armadura suplementar da viga pré-moldada de 21.66m (V18.1 do vão 18);;2025-07-30 00:00:00;2025-09-30 00:00:00;;;
321;AB-SPM00021D-114.117-825-C01-321;1;Cablagem da viga pré-moldada de 22.51m  (V18.2 do vão 18);;2025-07-30 00:00:00;2025-09-30 00:00:00;;;
322;AB-SPM00021D-114.117-825-C01-322;1;Armadura suplementar da viga pré-moldada de 22.51m (V18.2 do vão 18);;2025-07-30 00:00:00;2025-09-30 00:00:00;;;
323;AB-SPM00021D-114.117-825-C01-323;1;Cablagem da viga pré-moldada de 23.36m  (V18.3 do vão 18);;2025-07-30 00:00:00;2025-09-30 00:00:00;;;
324;AB-SPM00021D-114.117-825-C01-324;1;Armadura suplementar da viga pré-moldada de 23.36m (V18.3 do vão 18);;2025-07-30 00:00:00;2025-09-30 00:00:00;;;
325;AB-SPM00021D-114.117-825-C01-325;0;Cablagem da viga pré-moldada de 24.21m  (V18.4 do vão 18);;2025-09-30 00:00:00;;;;
326;AB-SPM00021D-114.117-825-C01-326;0;Armadura suplementar da viga pré-moldada de 24.21m (V18.4 do vão 18) ;;2025-09-30 00:00:00;;;;
327;AB-SPM00021D-114.117-825-C01-327;0;Cablagem da viga pré-moldada de 25.06m  (V18.5 do vão 18);;2025-09-30 00:00:00;;;;
328;AB-SPM00021D-114.117-825-C01-328;0;Armadura suplementar da viga pré-moldada de 25.06m (V18.5 do vão 18);;2025-09-30 00:00:00;;;;
329;AB-SPM00021D-114.117-825-C01-329;3;Forma e armadura das pré-lajes dos vãos 20 a 29, 35 a 50 e 56 a 67;;2025-09-09 00:00:00;2025-10-31 00:00:00;2025-11-04 00:00:00;2025-11-24 00:00:00;
330;AB-SPM00021D-114.117-825-C01-330;0;Forma e armadura das pré-lajes dos vãos 1 a 10;;2025-08-15 00:00:00;;;;
331;AB-SPM00021D-114.117-825-C01-331;0;Forma e armadura das pré-lajes dos vãos 11 a 13;;2025-10-07 00:00:00;;;;
332;AB-SPM00021D-114.117-825-C01-332;0;Forma e armadura das pré-lajes dos vãos 14 a 15;;2025-10-07 00:00:00;;;;
333;AB-SPM00021D-114.117-825-C01-333;1;Forma e armadura das pré-lajes do vão 16 - parte 1/2;;2025-10-07 00:00:00;2025-11-04 00:00:00;;;
334;AB-SPM00021D-114.117-825-C01-334;1;Forma e armadura das pré-lajes do vão 16 - parte 2/2;;2025-10-07 00:00:00;2025-11-04 00:00:00;;;
335;AB-SPM00021D-114.117-825-C01-335;0;Forma e armadura das pré-lajes do vão 17;;2025-10-07 00:00:00;;;;
336;AB-SPM00021D-114.117-825-C01-336;0;Forma e armadura das pré-lajes do vão 18;;2025-10-07 00:00:00;;;;
337;AB-SPM00021D-114.117-825-C01-337;2;Forma e armadura das pré-lajes dos vãos 19 e 30;;2025-10-20 00:00:00;2025-10-30 00:00:00;2025-11-24 00:00:00;;
338;AB-SPM00021D-114.117-825-C01-338;1;Forma e armadura das pré-lajes do vão 31;;2025-10-20 00:00:00;2025-11-24 00:00:00;;;
339;AB-SPM00021D-114.117-825-C01-339;1;Forma e armadura das pré-lajes do vão 32;;2025-10-30 00:00:00;2025-11-24 00:00:00;;;
340;AB-SPM00021D-114.117-825-C01-340;1;Forma e armadura das pré-lajes do vão 33;;2025-10-31 00:00:00;2025-11-24 00:00:00;;;
341;AB-SPM00021D-114.117-825-C01-341;1;Forma e armadura das pré-lajes do vão 34;;2025-10-31 00:00:00;2025-11-24 00:00:00;;;
342;AB-SPM00021D-114.117-825-C01-342;0;Forma e armadura das pré-lajes do vão 35A;;2025-11-13 00:00:00;;;;
343;AB-SPM00021D-114.117-825-C01-343;0;Forma e armadura das pré-lajes do vão 51;;2026-01-15 00:00:00;;;;
344;AB-SPM00021D-114.117-825-C01-344;0;Forma e armadura das pré-lajes do vão 52;;2026-01-15 00:00:00;;;;
345;AB-SPM00021D-114.117-825-C01-345;0;Forma e armadura das pré-lajes do vão 53;;2026-01-15 00:00:00;;;;
346;AB-SPM00021D-114.117-825-C01-346;0;Forma e armadura das pré-lajes do vão 54;;2026-01-15 00:00:00;;;;
347;AB-SPM00021D-114.117-825-C01-347;0;Forma e armadura das pré-lajes do vão 55;;2026-01-15 00:00:00;;;;
348;AB-SPM00021D-114.117-825-C01-348;0;Forma e armadura das pré-lajes dos vãos 73 a 80;;2026-02-17 00:00:00;;;;
349;AB-SPM00021D-114.117-825-C01-349;0;Forma e armadura das pré-lajes do vão 81;;2026-02-27 00:00:00;;;;
350;AB-SPM00021D-114.117-825-C01-350;1;Armadura da laje e transversinas dos vãos 1 a 11;;2025-09-09 00:00:00;2025-10-15 00:00:00;;;
351;AB-SPM00021D-114.117-825-C01-351;0;Armadura da laje dos vãos 12 a 15;;2025-10-15 00:00:00;;;;
352;AB-SPM00021D-114.117-825-C01-352;1;Armadura das transversinas dos vãos 12 a 15;;2025-10-15 00:00:00;2026-03-05 00:00:00;;;
353;AB-SPM00021D-114.117-825-C01-353;0;Armadura da laje do vão 16;;2025-11-06 00:00:00;;;;
354;AB-SPM00021D-114.117-825-C01-354;0;Armadura da laje do vão 17;;2025-11-06 00:00:00;;;;
355;AB-SPM00021D-114.117-825-C01-355;0;Armadura da laje do vão 18;;2025-11-07 00:00:00;;;;
356;AB-SPM00021D-114.117-825-C01-356;0;Armadura das transversinas do vão 16;;2025-11-03 00:00:00;;;;
357;AB-SPM00021D-114.117-825-C01-357;0;Armadura das transversinas do vão 17;;2025-10-31 00:00:00;;;;
358;AB-SPM00021D-114.117-825-C01-358;0;Armadura das transversinas do vão 18;;2025-10-31 00:00:00;;;;
359;AB-SPM00021D-114.117-825-C01-359;1;Armadura das transversinas dos vãos 20 a 29 e 35 a 51;;2025-10-31 00:00:00;2025-11-05 00:00:00;;;
360;AB-SPM00021D-114.117-825-C01-360;1;Armadura das transversinas dos vãos 19 e 30;;2025-10-31 00:00:00;2025-11-05 00:00:00;;;
361;AB-SPM00021D-114.117-825-C01-361;1;Armadura das transversinas do vão 31;;2025-10-31 00:00:00;2025-11-05 00:00:00;;;
362;AB-SPM00021D-114.117-825-C01-362;1;Armadura das transversinas do vão 32;;2025-10-31 00:00:00;2025-11-05 00:00:00;;;
363;AB-SPM00021D-114.117-825-C01-363;1;Armadura das transversinas do vão 33;;2025-10-31 00:00:00;2025-11-05 00:00:00;;;
364;AB-SPM00021D-114.117-825-C01-364;0;Armadura das transversinas do vão 34;;2025-11-04 00:00:00;;;;
365;AB-SPM00021D-114.117-825-C01-365;0;Armadura das transversinas do vão 35a;;2025-11-04 00:00:00;;;;
366;AB-SPM00021D-114.117-825-C01-366;1;Armadura das lajes dos vãos 19 a 21;;2025-11-07 00:00:00;2026-01-15 00:00:00;;;
367;AB-SPM00021D-114.117-825-C01-367;1;Armadura das lajes dos vãos 22 a 27;;2025-11-04 00:00:00;2026-01-15 00:00:00;;;
368;AB-SPM00021D-114.117-825-C01-368;1;Armadura das lajes dos vãos 28 a 30;;2025-11-11 00:00:00;2026-01-15 00:00:00;;;
369;AB-SPM00021D-114.117-825-C01-369;1;Armadura das lajes dos vãos 31 a 33;;2025-11-11 00:00:00;2026-01-15 00:00:00;;;
370;AB-SPM00021D-114.117-825-C01-370;0;Armadura da laje do vão 34;;2025-11-11 00:00:00;;;;
371;AB-SPM00021D-114.117-825-C01-371;1;Armadura das lajes dos vãos 35, 35A e 36;;2025-11-11 00:00:00;2026-01-15 00:00:00;;;
372;AB-SPM00021D-114.117-825-C01-372;2;Armadura das lajes dos vãos 37 a 48;;2025-10-31 00:00:00;2025-11-04 00:00:00;2026-01-15 00:00:00;;
373;AB-SPM00021D-114.117-825-C01-373;1;Armadura das lajes dos vãos 49 a 51;;2025-11-04 00:00:00;2026-01-15 00:00:00;;;
374;AB-SPM00021D-114.117-825-C01-374;0;Detalhamento do call box no vão 43;;2025-10-30 00:00:00;;;;
375;AB-SPM00021D-114.117-825-C01-375;0;Armadura da laje do vão 52;;2026-01-30 00:00:00;;;;
376;AB-SPM00021D-114.117-825-C01-376;0;Armadura da laje do vão 53;;2026-01-30 00:00:00;;;;
377;AB-SPM00021D-114.117-825-C01-377;0;Armadura da laje do vão 54;;2026-01-30 00:00:00;;;;
378;AB-SPM00021D-114.117-825-C01-378;1;Armadura das lajes dos vãos 55 a 57;;2025-11-19 00:00:00;2026-01-15 00:00:00;;;
379;AB-SPM00021D-114.117-825-C01-379;1;Armadura das lajes dos vãos 58 a 63;;2025-11-19 00:00:00;2026-01-15 00:00:00;;;
380;AB-SPM00021D-114.117-825-C01-380;1;Armadura das lajes dos vãos 64 a 67;;2025-11-19 00:00:00;2026-01-15 00:00:00;;;
381;AB-SPM00021D-114.117-825-C01-381;0;Armadura das transversinas do vão 52;;2026-01-30 00:00:00;;;;
382;AB-SPM00021D-114.117-825-C01-382;0;Armadura das transversinas do vão 53;;2026-01-30 00:00:00;;;;
383;AB-SPM00021D-114.117-825-C01-383;0;Armadura das transversinas do vão 54;;2026-01-30 00:00:00;;;;
384;AB-SPM00021D-114.117-825-C01-384;0;Armadura das transversinas dos vão 55 a 67;;2026-01-30 00:00:00;;;;
385;AB-SPM00021D-114.117-825-C01-385;;Armadura das transversinas do vão 68;;;;;;
386;AB-SPM00021D-114.117-825-C01-386;;Armadura das transversinas do vão 69;;;;;;
387;AB-SPM00021D-114.117-825-C01-387;;Armadura das transversinas do vão 70;;;;;;
388;AB-SPM00021D-114.117-825-C01-388;;Armadura das transversinas do vão 71;;;;;;
389;AB-SPM00021D-114.117-825-C01-389;;Armadura das transversinas do vão 72;;;;;;
390;AB-SPM00021D-114.117-825-C01-390;;Armadura das transversinas dos vãos 73 a 81 e 94 a 147;;;;;;
391;AB-SPM00021D-114.117-825-C01-391;;Armadura das transversinas do vão 82;;;;;;
392;AB-SPM00021D-114.117-825-C01-392;;Armadura das transversinas do vão 83;;;;;;
393;AB-SPM00021D-114.117-825-C01-393;;Armadura das transversinas do vão 84;;;;;;
394;AB-SPM00021D-114.117-825-C01-394;;Armadura das transversinas do vão 85;;;;;;
395;AB-SPM00021D-114.117-825-C01-395;;Armadura das transversinas do vão 86;;;;;;
396;AB-SPM00021D-114.117-825-C01-396;;Armadura das transversinas do vão 87;;;;;;
397;AB-SPM00021D-114.117-825-C01-397;;Armadura das transversinas do vão 88;;;;;;
398;AB-SPM00021D-114.117-825-C01-398;;Forma e armadura das pré-lajes do vão 68;;;;;;
399;AB-SPM00021D-114.117-825-C01-399;;Forma e armadura das pré-lajes dos vãos 69 e 70;;;;;;
400;AB-SPM00021D-114.117-825-C01-400;;Forma e armadura das pré-lajes do vão 71;;;;;;
401;AB-SPM00021D-114.117-825-C01-401;;Forma e armadura das pré-lajes do vão 72;;;;;;
402;AB-SPM00021D-114.117-825-C01-402;;Armadura da laje do vão 68;;;;;;
403;AB-SPM00021D-114.117-825-C01-403;;Armadura da laje dos vãos 69 e 70;;;;;;
404;AB-SPM00021D-114.117-825-C01-404;;Armadura da laje dos vãos 71 e 72;;;;;;
405;AB-SPM00021D-114.117-825-C01-405;;Armadura da laje dos vãos 73 a 78;;;;;;
406;AB-SPM00021D-114.117-825-C01-406;;Armadura da laje dos vãos 79 a 81;;;;;;
407;AB-SPM00021D-114.117-825-C01-407;;Armadura da laje dos vãos 82 e 83;;;;;;
408;AB-SPM00021D-114.117-825-C01-408;;Armadura da laje dos vãos 84 e 85;;;;;;
409;AB-SPM00021D-114.117-825-C01-409;;Armadura da laje dos vãos 86 e 87;;;;;;
410;AB-SPM00021D-114.117-825-C01-410;;Armadura da laje dos vãos 88 e 89;;;;;;
411;AB-SPM00021D-114.117-825-C01-411;;Armadura da laje dos vãos 90 e 91;;;;;;
412;AB-SPM00021D-114.117-825-C01-412;;Armadura da laje dos vãos 92 a 94;;;;;;
413;AB-SPM00021D-114.117-825-C01-413;;Armadura da laje dos vãos 95 a 103;;;;;;
414;AB-SPM00021D-114.117-825-C01-414;;Armadura da laje dos vãos 104 a 148;;;;;;
415;AB-SPM00021D-114.117-825-C01-415;;Armadura da laje dos vãos 149 e 150;;;;;;
416;AB-SPM00021D-114.117-825-C01-416;;Armadura da laje dos vãos 151 e 152;;;;;;
417;AB-SPM00021D-114.117-825-C01-417;;Armadura da laje do vão 153;;;;;;
418;AB-SPM00021D-114.117-825-C01-418;;Armadura da laje dos vãos 154 a 156;;;;;;
419;AB-SPM00021D-114.117-825-C01-419;;Armadura da laje dos vãos 157 a 159;;;;;;
420;AB-SPM00021D-114.117-825-C01-420;;Armadura da laje dos vãos 160 a 162;;;;;;
421;AB-SPM00021D-114.117-825-C01-421;;Armadura da laje dos vãos 163 a 165;;;;;;
422;AB-SPM00021D-114.117-825-C01-422;;Armadura da laje dos vãos 166 a 168;;;;;;
423;AB-SPM00021D-114.117-825-C01-423;;Armadura da laje dos vãos 169 e 170;;;;;;
424;AB-SPM00021D-114.117-825-C01-424;;Armadura da laje dos vãos 171 e 172;;;;;;
425;AB-SPM00021D-114.117-825-C01-425;;Armadura da laje dos vãos 173 a 178;;;;;;
426;AB-SPM00021D-114.117-825-C01-426;;Armadura da laje dos vãos 179 a 181;;;;;;
427;AB-SPM00021D-114.117-825-C01-427;;Cablagem viga pré-moldada de 26.40m  (vão 173);;;;;;
428;AB-SPM00021D-114.117-825-C01-428;;Armadura suplementar da viga pré-moldada de 26.40m (vão 173);;;;;;
;;;;;;;;;
;;;;;;;;;
;;;;;;;;;
;AS BUILT;;;;;;;;
450;AB-SPM00021D-114.117-825-C01-450;A;Reforço do bloco do apoio 39 devido E39.7 perdida;;2025-10-24 00:00:00;;;;
451;AB-SPM00021D-114.117-825-C01-451;A;Reforço do bloco do apoio 17 devido PDA no E17.2 e E17.4;;2025-10-27 00:00:00;;;;
452;AB-SPM00021D-114.117-825-C01-452;A;Reforço construtivo dos pilares dos apoios 54 a 63;;2026-02-10 00:00:00;;;;
;;;;;;;;;
;;;Obra: ;Complexo Alto Tietê - Ferradura - fase 3;;;P3937;;
;;;Estrada: ;SP-021 - Rodoanel Mário Covas - Leste;;;;;
;;;km / estaca: ;km 114+600 ao  km 117+000;;;;;
N;FOL / CÓD.;REV.;ASSUNTO;;R0;R1;R2;R3;
;;;;;;;;;
1;AB-SPM00021D-115.117-925-C01-701;1;Implantação - Planta, elevação e sondagens - apoios 1 a 7;;2025-10-24 00:00:00;2026-02-24 00:00:00;;;
2;AB-SPM00021D-115.117-925-C01-702;0;Implantação - Planta, elevação e sondagens - apoios 7 a 11;;2026-02-24 00:00:00;;;;
3;AB-SPM00021D-115.117-925-C01-703;0;Implantação - Planta, elevação e sondagens - apoios 11 a 14 - parte 1/2;;2026-02-24 00:00:00;;;;
4;AB-SPM00021D-115.117-925-C01-704;0;Implantação - Planta, elevação e sondagens - apoios 11 a 14 - parte 2/2;;2026-02-24 00:00:00;;;;
5;AB-SPM00021D-115.117-925-C01-705;0;Implantação - Planta, elevação e sondagens - apoios 14 a 18;;2026-02-25 00:00:00;;;;
6;AB-SPM00021D-115.117-925-C01-706;0;Implantação - Planta, elevação e sondagens - apoios 18 a 22;;2026-02-25 00:00:00;;;;
7;AB-SPM00021D-115.117-925-C01-707;;Formas - Plantas - apoios 1 a 11;;;;;;
8;AB-SPM00021D-115.117-925-C01-708;;Formas - Plantas - apoios 11 a 14;;;;;;
9;AB-SPM00021D-115.117-925-C01-709;;Formas - Plantas - apoios 14 a 22;;;;;;
10;AB-SPM00021D-115.117-925-C01-710;;Formas - Seções e detalhes do apoio 1;;;;;;
11;AB-SPM00021D-115.117-925-C01-711;;Formas - Seções e detalhes do apoio 2;;;;;;
12;AB-SPM00021D-115.117-925-C01-712;;Formas - Seções e detalhes dos apoios 3 a 5;;;;;;
13;AB-SPM00021D-115.117-925-C01-713;;Formas - Seções e detalhes dos apoios 6 a 8;;;;;;
14;AB-SPM00021D-115.117-925-C01-714;;Formas - Seções e detalhes do apoio 9;;;;;;
15;AB-SPM00021D-115.117-925-C01-715;;Formas - Seções e detalhes do apoio 10;;;;;;
16;AB-SPM00021D-115.117-925-C01-716;1;Formas - Seções e detalhes do apoio 11;;2026-03-16 00:00:00;2026-03-31 00:00:00;;;
17;AB-SPM00021D-115.117-925-C01-717;1;Formas - Seções e detalhes do apoio 12;;2026-03-10 00:00:00;2026-03-26 00:00:00;;;
18;AB-SPM00021D-115.117-925-C01-718;1;Formas - Seções e detalhes do apoio 13;;2026-03-10 00:00:00;2026-03-27 00:00:00;;;
19;AB-SPM00021D-115.117-925-C01-719;1;Formas - Seções e detalhes do apoio 14;;2026-03-11 00:00:00;2026-03-31 00:00:00;;;
20;AB-SPM00021D-115.117-925-C01-720;;Formas - Seções e detalhes do apoio 15;;;;;;
21;AB-SPM00021D-115.117-925-C01-721;;Formas - Seções e detalhes do apoio 16;;;;;;
22;AB-SPM00021D-115.117-925-C01-722;;Formas - Seções e detalhes dos apoios 17 e 18;;;;;;
23;AB-SPM00021D-115.117-925-C01-723;;Formas - Seções e detalhes dos apoios 19 e 20;;;;;;
24;AB-SPM00021D-115.117-925-C01-724;;Formas - Seções e detalhes do apoio 21;;;;;;
25;AB-SPM00021D-115.117-925-C01-725;;Formas - Seções e detalhes do apoio 22;;;;;;
26;AB-SPM00021D-115.117-925-C01-726;;Formas - Caixão do vão 11;;;;;;
27;AB-SPM00021D-115.117-925-C01-727;;Formas - Caixão do vão 12;;;;;;
28;AB-SPM00021D-115.117-925-C01-728;;Formas - Caixão do vão 13;;;;;;
29;AB-SPM00021D-115.117-925-C01-729;;Sequência construtiva balanço sucessivo vãos 11 a 13;;;;;;
30;AB-SPM00021D-115.117-925-C01-730;;Armadura dos blocos, pilares e travamento do apoio 1;;;;;;
31;AB-SPM00021D-115.117-925-C01-731;;Armadura dos blocos, pilares e travamento do apoio 2;;;;;;
32;AB-SPM00021D-115.117-925-C01-732;;Armadura dos blocos, pilares e travamento dos apoios 3 a 5;;;;;;
33;AB-SPM00021D-115.117-925-C01-733;;Armadura dos blocos, pilares e travamento dos apoios 6 a 10 e 15 a 20;;;;;;
34;AB-SPM00021D-115.117-925-C01-734;0;Cablagem dos blocos e travamento dos apoios 11 e 14;;2026-03-31 00:00:00;;;;
35;AB-SPM00021D-115.117-925-C01-735;0;Armadura dos blocos e travamento dos apoios 11 e 14;;2026-03-31 00:00:00;;;;
36;AB-SPM00021D-115.117-925-C01-736;;Armadura dos pilares dos apoios 11 e 14;;;;;;
37;AB-SPM00021D-115.117-925-C01-737;0;Cablagem dos blocos e travamentos dos apoios 12 e 13;;2026-03-26 00:00:00;;;;
38;AB-SPM00021D-115.117-925-C01-738;1;Armadura dos blocos e travamentos dos apoios 12 e 13 - parte 1/2;;2026-03-26 00:00:00;2026-03-31 00:00:00;;;
39;AB-SPM00021D-115.117-925-C01-739;1;Armadura dos blocos e travamentos dos apoios 12 e 13 - parte 2/2;;2026-03-26 00:00:00;2026-03-31 00:00:00;;;
40;AB-SPM00021D-115.117-925-C01-740;;Armadura dos pilares dos apoios 12 e 13 - parte 1/2;;;;;;
41;AB-SPM00021D-115.117-925-C01-741;;Armadura dos pilares dos apoios 12 e 13 - parte 2/2;;;;;;
42;AB-SPM00021D-115.117-925-C01-742;;Armadura dos blocos, pilares e travamento dos apoios 21 e 22;;;;;;
43;AB-SPM00021D-115.117-925-C01-743;;Armadura da travessa do apoio 1;;;;;;
44;AB-SPM00021D-115.117-925-C01-744;;Armadura da travessa do apoio 2;;;;;;
45;AB-SPM00021D-115.117-925-C01-745;;Armadura das travessas dos apoios 3 a 8, 17 e 18;;;;;;
46;AB-SPM00021D-115.117-925-C01-746;;Armadura da travessa do apoio 9;;;;;;
47;AB-SPM00021D-115.117-925-C01-747;;Armadura da travessa do apoio 10;;;;;;
48;AB-SPM00021D-115.117-925-C01-748;;Armadura das travessas dos apoios 11 e 14;;;;;;
49;AB-SPM00021D-115.117-925-C01-749;;Armadura da travessa do apoio 15;;;;;;
50;AB-SPM00021D-115.117-925-C01-750;;Armadura da travessa do apoio 16;;;;;;
51;AB-SPM00021D-115.117-925-C01-751;;Armadura das travessas dos apoios 19 e 21;;;;;;
52;AB-SPM00021D-115.117-925-C01-752;;Armadura da travessa do apoio 22;;;;;;
53;AB-SPM00021D-115.117-925-C01-753;0;Cablagem da viga pré-moldada de 25.40m;;2026-03-16 00:00:00;;;;
54;AB-SPM00021D-115.117-925-C01-754;0;Armadura suplementar da viga pré-moldada 25.40m;;2026-03-16 00:00:00;;;;
55;AB-SPM00021D-115.117-925-C01-755;;Cablagem da viga pré-moldada de 15.00m;;;;;;
56;AB-SPM00021D-115.117-925-C01-756;;Armadura suplementar da viga pré-moldada 15.00m;;;;;;
57;AB-SPM00021D-115.117-925-C01-757;;Cablagem da viga pré-moldada de 29.58m;;;;;;
58;AB-SPM00021D-115.117-925-C01-758;;Armadura suplementar da viga pré-moldada 29.58m;;;;;;
59;AB-SPM00021D-115.117-925-C01-759;;Cablagem da viga pré-moldada de 30.36m;;;;;;
60;AB-SPM00021D-115.117-925-C01-760;;Armadura suplementar da viga pré-moldada 30.36m;;;;;;
61;AB-SPM00021D-115.117-925-C01-761;;Cablagem da viga pré-moldada de 31.14m;;;;;;
62;AB-SPM00021D-115.117-925-C01-762;;Armadura suplementar da viga pré-moldada 31.14m;;;;;;
63;AB-SPM00021D-115.117-925-C01-763;;Cablagem da viga pré-moldada de 28.30m;;;;;;
64;AB-SPM00021D-115.117-925-C01-764;;Armadura suplementar da viga pré-moldada 28.30m;;;;;;
65;AB-SPM00021D-115.117-925-C01-765;;Cablagem da viga pré-moldada de 23.50m;;;;;;
66;AB-SPM00021D-115.117-925-C01-766;;Armadura suplementar da viga pré-moldada 23.50m;;;;;;
67;AB-SPM00021D-115.117-925-C01-767;;Cablagem da viga pré-moldada de 19.80m;;;;;;
68;AB-SPM00021D-115.117-925-C01-768;;Armadura suplementar da viga pré-moldada 19.80m;;;;;;
69;AB-SPM00021D-115.117-925-C01-769;;Forma e armadura das pré-lajes dos vãos 1 e 2;;;;;;
70;AB-SPM00021D-115.117-925-C01-770;;Forma e armadura das pré-lajes dos vãos 3 a 8;;;;;;
71;AB-SPM00021D-115.117-925-C01-771;;Forma e armadura das pré-lajes do vão 9;;;;;;
72;AB-SPM00021D-115.117-925-C01-772;;Forma e armadura das pré-lajes dos vãos 10 e 14;;;;;;
73;AB-SPM00021D-115.117-925-C01-773;;Forma e armadura das pré-lajes do vão 15;;;;;;
74;AB-SPM00021D-115.117-925-C01-774;;Forma e armadura das pré-lajes do vão 16;;;;;;
75;AB-SPM00021D-115.117-925-C01-775;;Forma e armadura das pré-lajes do vão 17;;;;;;
76;AB-SPM00021D-115.117-925-C01-776;;Forma e armadura das pré-lajes dos vãos 18 a 21;;;;;;
77;AB-SPM00021D-115.117-925-C01-777;;Forma e armadura das pré-lajes do vão 22;;;;;;
78;AB-SPM00021D-115.117-925-C01-778;;Armadura das transversinas dos vãos 1 a 8;;;;;;
79;AB-SPM00021D-115.117-925-C01-779;;Armadura das transversinas do vão 9;;;;;;
80;AB-SPM00021D-115.117-925-C01-780;;Armadura das transversinas dos vãos 10 e 14;;;;;;
81;AB-SPM00021D-115.117-925-C01-781;;Armadura das transversinas do vão 15;;;;;;
82;AB-SPM00021D-115.117-925-C01-782;;Armadura das transversinas dos vãos 16 e 18 a 21;;;;;;
83;AB-SPM00021D-115.117-925-C01-783;;Armadura das transversinas do vão 17;;;;;;
84;AB-SPM00021D-115.117-925-C01-784;;Armadura das transversinas do vão 22;;;;;;
85;AB-SPM00021D-115.117-925-C01-785;;Armadura das lajes dos vãos 1 e 2;;;;;;
86;AB-SPM00021D-115.117-925-C01-786;;Armadura das lajes dos vãos 3 a 8;;;;;;
87;AB-SPM00021D-115.117-925-C01-787;;Armadura das lajes dos vãos 9 e 10;;;;;;
88;AB-SPM00021D-115.117-925-C01-788;;Armadura das lajes dos vãos 14 e 15;;;;;;
89;AB-SPM00021D-115.117-925-C01-789;;Armadura das lajes dos vãos 16 e 17;;;;;;
90;AB-SPM00021D-115.117-925-C01-790;;Armadura das lajes dos vãos 18 a 21;;;;;;
91;AB-SPM00021D-115.117-925-C01-791;;Armadura da laje do vão 22;;;;;;
92;AB-SPM00021D-115.117-925-C01-792;;Armadura do disparo do apoio 12 - parte 1/2;;;;;;
93;AB-SPM00021D-115.117-925-C01-793;;Armadura do disparo do apoio 12 - parte 2/2;;;;;;
94;AB-SPM00021D-115.117-925-C01-794;;Armadura do disparo do apoio 13 - parte 1/2;;;;;;
95;AB-SPM00021D-115.117-925-C01-795;;Armadura do disparo do apoio 13 - parte 2/2;;;;;;
96;AB-SPM00021D-115.117-925-C01-796;;Cablagem longitudinal do caixão - parte 1/7;;;;;;
97;AB-SPM00021D-115.117-925-C01-797;;Cablagem longitudinal do caixão - parte 2/7;;;;;;
98;AB-SPM00021D-115.117-925-C01-798;;Cablagem longitudinal do caixão - parte 3/7;;;;;;
99;AB-SPM00021D-115.117-925-C01-799;;Cablagem longitudinal do caixão - parte 4/7;;;;;;
100;AB-SPM00021D-115.117-925-C01-800;;Cablagem longitudinal do caixão - parte 5/7;;;;;;
101;AB-SPM00021D-115.117-925-C01-801;;Cablagem longitudinal do caixão - parte 6/7;;;;;;
102;AB-SPM00021D-115.117-925-C01-802;;Cablagem longitudinal do caixão - parte 7/7;;;;;;
103;AB-SPM00021D-115.117-925-C01-803;;Armadura das aduelas 1 a 5;;;;;;
104;AB-SPM00021D-115.117-925-C01-804;;Armadura das aduelas 6 a 9;;;;;;
105;AB-SPM00021D-115.117-925-C01-805;;Armadura da aduela 10 e fechamento lateral;;;;;;
106;AB-SPM00021D-115.117-925-C01-806;;Armadura da aduela de fechamento central do vão 12;;;;;;
107;AB-SPM00021D-115.117-925-C01-807;;Forma e armadura dos nichos dos cabos positivos dos vãos 11 e 13;;;;;;
108;AB-SPM00021D-115.117-925-C01-808;;Forma e armadura dos nichos dos cabos positivos do vão 12;;;;;;
;;;;;;;;;
;;;;;;;;;
;;;;;;;;;
;;;;;;;;;
;;;;;;;;;
;;;;;;;;;
;;;;;;;;;
;;;;;;;;;
;;;;;;;;;
;;;;;;;;;
;;;;;;;;;
;;;;;;;;;
;;;;;;;;;
;;;;;;;;;
;;;;;;;;;
;;;;;;;;;
;;;;;;;;;
;;;;;;;;;
;;;;;;;;;
;;;;;;;;;
;;;;;;;;;
;;;;;;;;;
;;;;;;;;;
;;;;;;;;;
;;;;;;;;;
;;;;;;;;;
;;;;;;;;;
;;;;;;;;;
;;;;;;;;;
;;;;;;;;;
;;;;;;;;;
;;;;;;;;;
;;;;;;;;;
;;;;;;;;;
;;;;;;;;;
;;;;;;;;;
;;;;;;;;;
;;;;;;;;;
;;;;;;;;;
;;;;;;;;;
;;;;;;;;;
;;;;;;;;;
;;;;;;;;;
;;;;;;;;;
;;;;;;;;;
;;;;;;;;;
;;;;;;;;;
;;;;;;;;;
;;;;;;;;;
;;;;;;;;;
;;;;;;;;;
;;;;;;;;;
;;;;;;;;;
;;;;;;;;;
;;;;;;;;;
;;;;;;;;;
;;;;;;;;;
;;;;;;;;;
;;;;;;;;;
;;;;;;;;;
;;;;;;;;;
;;;;;;;;;
;;;;;;;;;
;;;;                ;;;;;
;;;;;;;;;
;;;Obra: ;Complexo Alto Tietê - Ramo 2000 - fase 3;;;P3938;;
;;;Estrada: ;SP-021 - Rodoanel Mário Covas - Leste;;;;;
;;;km / estaca: ;km 114+600 ao  km 117+000;;;;;
N;FOL / CÓD.;REV.;ASSUNTO;;R0;R1;R2;R3;
;;;;;;;;;
1;AB-SPM00021D-115.117-925-C01-501;2;Implantação - Planta, elevação e sondagens - apoios 1 a 5;;2025-08-22 00:00:00;2025-12-10 00:00:00;2026-02-17 00:00:00;;
2;AB-SPM00021D-115.117-925-C01-502;2;Implantação - Planta, elevação e sondagens - apoios 5 a 9;;2025-08-22 00:00:00;2025-12-10 00:00:00;2026-02-17 00:00:00;;
3;AB-SPM00021D-115.117-925-C01-503;0;Formas - Plantas - apoios 1 a 5;;2025-12-10 00:00:00;;;;
4;AB-SPM00021D-115.117-925-C01-504;0;Formas - Plantas - apoios 5 a 9;;2025-12-10 00:00:00;;;;
5;AB-SPM00021D-115.117-925-C01-505;1;Formas - Seções e detalhes do apoio 1;;2025-12-11 00:00:00;2026-02-17 00:00:00;;;
6;AB-SPM00021D-115.117-925-C01-506;1;Formas - Seções e detalhes do apoio 2;;2025-12-11 00:00:00;2026-02-17 00:00:00;;;
7;AB-SPM00021D-115.117-925-C01-507;1;Formas - Seções e detalhes dos apoios 3 a 5;;2025-12-11 00:00:00;2026-02-17 00:00:00;;;
8;AB-SPM00021D-115.117-925-C01-508;1;Formas - Seções e detalhes do apoio 6;;2025-12-11 00:00:00;2026-02-17 00:00:00;;;
9;AB-SPM00021D-115.117-925-C01-509;1;Formas - Seções e detalhes do apoio 7;;2025-12-11 00:00:00;2026-02-17 00:00:00;;;
10;AB-SPM00021D-115.117-925-C01-510;1;Formas - Seções e detalhes do apoio 8;;2025-12-11 00:00:00;2026-02-17 00:00:00;;;
11;AB-SPM00021D-115.117-925-C01-511;1;Formas - Seções e detalhes do apoio 9;;2025-12-11 00:00:00;2026-02-17 00:00:00;;;
12;AB-SPM00021D-115.117-925-C01-512;1;Armadura dos blocos e pilares dos apoios 1 a 6;;2026-01-06 00:00:00;2026-02-13 00:00:00;;;
13;AB-SPM00021D-115.117-925-C01-513;1;Armadura dos blocos, pilares e travamento dos apoios 7 e 8;;2026-01-14 00:00:00;2026-02-17 00:00:00;;;
14;AB-SPM00021D-115.117-925-C01-514;1;Armadura dos blocos, pilares e travamento do apoio 9;;2026-01-06 00:00:00;2026-02-17 00:00:00;;;
15;AB-SPM00021D-115.117-925-C01-515;0;Armadura da travessa do apoio 1;;2026-01-14 00:00:00;;;;
16;AB-SPM00021D-115.117-925-C01-516;0;Armadura das travessas dos apoios 2 a 6;;2026-02-06 00:00:00;;;;
17;AB-SPM00021D-115.117-925-C01-517;0;Armadura da travessa do apoio 7;;2026-02-06 00:00:00;;;;
18;AB-SPM00021D-115.117-925-C01-518;0;Armadura da travessa do apoio 8;;2026-02-06 00:00:00;;;;
19;AB-SPM00021D-115.117-925-C01-519;0;Armadura da travessa do apoio 9;;2026-02-06 00:00:00;;;;
20;AB-SPM00021D-115.117-925-C01-520;0;Cablagem da viga pré-moldada de 24.30m (vão 2);;2025-12-05 00:00:00;;;;
21;AB-SPM00021D-115.117-925-C01-521;1;Armadura suplementar da viga pré-moldada 24.30m (vão 2);;2025-12-05 00:00:00;2025-12-09 00:00:00;;;
22;AB-SPM00021D-115.117-925-C01-522;0;Cablagem da viga pré-moldada de 29.50m;;2025-12-08 00:00:00;;;;
23;AB-SPM00021D-115.117-925-C01-523;0;Armadura suplementar da viga pré-moldada 29.50m;;2025-12-09 00:00:00;;;;
24;AB-SPM00021D-115.117-925-C01-524;0;Forma e armadura das pré-lajes dos vãos 1 a 5;;2026-02-06 00:00:00;;;;
25;AB-SPM00021D-115.117-925-C01-525;0;Forma e armadura das pré-lajes dos vãos 6 e 7;;2026-02-06 00:00:00;;;;
26;AB-SPM00021D-115.117-925-C01-526;0;Forma e armadura das pré-lajes do vão 8;;2026-02-06 00:00:00;;;;
27;AB-SPM00021D-115.117-925-C01-527;0;Forma e armadura das pré-lajes do vão 9;;2026-02-06 00:00:00;;;;
28;AB-SPM00021D-115.117-925-C01-528;0;Armadura das transversinas dos vãos 1 a 6;;2026-02-17 00:00:00;;;;
29;AB-SPM00021D-115.117-925-C01-529;0;Armadura das transversinas do vão 7;;2026-02-17 00:00:00;;;;
30;AB-SPM00021D-115.117-925-C01-530;0;Armadura das transversinas do vão 8;;2026-02-17 00:00:00;;;;
31;AB-SPM00021D-115.117-925-C01-531;0;Armadura das transversinas do vão 9;;2026-02-17 00:00:00;;;;
32;AB-SPM00021D-115.117-925-C01-532;;Esquema construtivo do tabuleiro;;;;;;
33;AB-SPM00021D-115.117-925-C01-533;;Armadura das lajes do vão 1;;;;;;
34;AB-SPM00021D-115.117-925-C01-534;;Armadura das lajes dos vãos 2 a 5;;;;;;
35;AB-SPM00021D-115.117-925-C01-535;;Armadura das lajes dos vãos 6 a 7;;;;;;
36;AB-SPM00021D-115.117-925-C01-536;;Armadura das lajes dos vãos 8 a 9;;;;;;
;;;;;;;;;
;AS BUILT;;;;;;;;
;AB-SPM00021D-115.117-925-C01-550;A;Armadura das estacas raiz dos apoios 5 e 6;;2026-02-23 00:00:00;;;;
;AB-SPM00021D-115.117-925-C01-551;B;Armadura dos blocos e pilares dos apoios 5 e 6;;2026-02-23 00:00:00;2026-02-24 00:00:00;;;
;;;;;;;;;
;;;;;;;;;
;;;;;;;;;
;;;;;;;;;
;;;;;;;;;
;;;;;;;;;
;;;;;;;;;
;;;;;;;;;
;;;;;;;;;
;;;;;;;;;
;;;;;;;;;
;;;;;;;;;
;;;;;;;;;
;;;;;;;;;
;;;;;;;;;
;;;;;;;;;
;;;;;;;;;
;;;;;;;;;
;;;;;;;;;
;;;;;;;;;
;;;;;;;;;
;;;;;;;;;
;;;;;;;;;
;;;;;;;;;
;;;;;;;;;
;;;;;;;;;
;;;;;;;;;
;;;;;;;;;
;;;;;;;;;
;;;;;;;;;
;;;;;;;;;
;;;;;;;;;
;;;;;;;;;
;;;;;;;;;
;;;;;;;;;
;;;;;;;;;
;;;;;;;;;
;;;;;;;;;
;;;;;;;;;
;;;;;;;;;
;;;;;;;;;
;;;;;;;;;
;;;;;;;;;
;;;;;;;;;
;;;;;;;;;
;;;;;;;;;
;;;;;;;;;
;;;;;;;;;
;;;;;;;;;
;;;;;;;;;
;;;;;;;;;
;;;;;;;;;
;;;;;;;;;
;;;;;;;;;
;;;;;;;;;
;;;;;;;;;
;;;;;;;;;
;;;;;;;;;
;;;;;;;;;
;;;;;;;;;
;;;;;;;;;
;;;;;;;;;
;;;;;;;;;
;;;;;;;;;
;;;;;;;;;
;;;;                ;;;;;
;;;;;;;;;
;;;Obra: ;Complexo Alto Tietê - Ramo 900 - fase 3;;;P3939;;
;;;Estrada: ;SP-021 - Rodoanel Mário Covas - Leste;;;;;
;;;km / estaca: ;km 114+600 ao  km 117+000;;;;;
N;FOL / CÓD.;REV.;ASSUNTO;;R0;R1;R2;R3;
;;;;;;;;;
1;AB-SPM00021D-115.117-925-C01-601;1;Implantação - Planta, elevação e sondagens - apoios 1 a 13;;2025-09-09 00:00:00;2026-02-23 00:00:00;;;
2;AB-SPM00021D-115.117-925-C01-602;1;Implantação - Planta, elevação e sondagens - apoios 12 a 24;;2025-09-10 00:00:00;2026-02-23 00:00:00;;;
3;AB-SPM00021D-115.117-925-C01-603;1;Implantação - Planta, elevação e sondagens - apoios 24 a 29;;2025-09-11 00:00:00;2026-02-23 00:00:00;;;
4;AB-SPM00021D-115.117-925-C01-604;1;Formas - Plantas - parte 1/2;;2025-09-12 00:00:00;2026-02-23 00:00:00;;;
5;AB-SPM00021D-115.117-925-C01-605;0;Formas - Plantas - parte 2/2;;2025-09-12 00:00:00;;;;
6;AB-SPM00021D-115.117-925-C01-606;1;Formas - Seções e detalhes do apoio 1;;2025-10-24 00:00:00;2026-02-23 00:00:00;;;
7;AB-SPM00021D-115.117-925-C01-607;1;Formas - Seções e detalhes do apoio 2;;2025-10-27 00:00:00;2026-02-23 00:00:00;;;
8;AB-SPM00021D-115.117-925-C01-608;1;Formas - Seções e detalhes dos apoios 3 e 4;;2025-10-27 00:00:00;2026-02-23 00:00:00;;;
9;AB-SPM00021D-115.117-925-C01-609;1;Formas - Seções e detalhes do apoio 5;;2025-10-27 00:00:00;2026-02-23 00:00:00;;;
10;AB-SPM00021D-115.117-925-C01-610;1;Formas - Seções e detalhes dos apoios 6 a 8;;2025-11-13 00:00:00;2026-02-23 00:00:00;;;
11;AB-SPM00021D-115.117-925-C01-611;1;Formas - Seções e detalhes do apoio 9;;2025-12-09 00:00:00;2026-02-23 00:00:00;;;
12;AB-SPM00021D-115.117-925-C01-612;1;Formas - Seções e detalhes dos apoios 10 a 15;;2025-12-10 00:00:00;2026-02-23 00:00:00;;;
13;AB-SPM00021D-115.117-925-C01-613;2;Formas - Seções e detalhes do apoio 16;;2025-12-10 00:00:00;2026-01-07 00:00:00;2026-02-23 00:00:00;;
14;AB-SPM00021D-115.117-925-C01-614;1;Formas - Seções e detalhes do apoio 17;;2026-01-07 00:00:00;2026-02-23 00:00:00;;;
15;AB-SPM00021D-115.117-925-C01-615;1;Formas - Seções e detalhes do apoio 18;;2026-01-07 00:00:00;2026-02-23 00:00:00;;;
16;AB-SPM00021D-115.117-925-C01-616;1;Formas - Seções e detalhes dos apoios 19 a 28;;2026-01-07 00:00:00;2026-02-23 00:00:00;;;
17;AB-SPM00021D-115.117-925-C01-617;1;Formas - Seções e detalhes do apoio 29;;2026-01-07 00:00:00;2026-02-23 00:00:00;;;
18;AB-SPM00021D-115.117-925-C01-618;1;Armadura do bloco e pilar do apoio 1;;2026-01-08 00:00:00;2026-02-23 00:00:00;;;
19;AB-SPM00021D-115.117-925-C01-619;1;Armadura do blocos, pilares e travamento do apoio 2;;2026-01-08 00:00:00;2026-02-20 00:00:00;;;
20;AB-SPM00021D-115.117-925-C01-620;1;Armadura dos blocos, pilares e travamento dos apoios 3 a 28;;2026-01-08 00:00:00;2026-02-20 00:00:00;;;
21;AB-SPM00021D-115.117-925-C01-621;1;Armadura do bloco e pilar do apoio 29;;2026-01-08 00:00:00;2026-02-23 00:00:00;;;
22;AB-SPM00021D-115.117-925-C01-622;;Armadura da travessa do apoio 1;;;;;;
23;AB-SPM00021D-115.117-925-C01-623;;Armadura da travessa do apoio 2;;;;;;
24;AB-SPM00021D-115.117-925-C01-624;0;Armadura das travessas dos apoios 3 a 28;;2026-02-23 00:00:00;;;;
25;AB-SPM00021D-115.117-925-C01-625;;Armadura da travessa do apoio 29;;;;;;
26;AB-SPM00021D-115.117-925-C01-626;1;Armadura da viga de 12.10m;;2025-11-19 00:00:00;2026-01-06 00:00:00;;;
27;AB-SPM00021D-115.117-925-C01-627;;Cablagem da viga pré-moldada de 29.50m;;;;;;
28;AB-SPM00021D-115.117-925-C01-628;;Armadura suplementar da viga pré-moldada 29.50m;;;;;;
29;AB-SPM00021D-115.117-925-C01-629;;Cablagem da viga pré-moldada de 26.50m;;;;;;
30;AB-SPM00021D-115.117-925-C01-630;;Armadura suplementar da viga pré-moldada 26.50m;;;;;;
31;AB-SPM00021D-115.117-925-C01-631;;Cablagem da viga pré-moldada de 23.50m;;;;;;
32;AB-SPM00021D-115.117-925-C01-632;;Armadura suplementar da viga pré-moldada 23.50m;;;;;;
33;AB-SPM00021D-115.117-925-C01-633;;Forma e armadura das pré-lajes do vão 1;;;;;;
34;AB-SPM00021D-115.117-925-C01-634;;Forma e armadura das pré-lajes dos vãos 2 a 28;;;;;;
35;AB-SPM00021D-115.117-925-C01-635;;Forma e armadura das pré-lajes do vão 29;;;;;;
36;AB-SPM00021D-115.117-925-C01-636;;Armadura das transversinas do vão 1;;;;;;
37;AB-SPM00021D-115.117-925-C01-637;;Armadura das transversinas dos vãos 2 a 28;;;;;;
38;AB-SPM00021D-115.117-925-C01-638;;Armadura das transversinas do vão 29;;;;;;
39;AB-SPM00021D-115.117-925-C01-639;;Armadura das lajes dos vãos 1 a 3;;;;;;
40;AB-SPM00021D-115.117-925-C01-640;;Armadura das lajes dos vãos 4 a 18;;;;;;
41;AB-SPM00021D-115.117-925-C01-641;;Armadura das lajes dos vãos 19 a 24;;;;;;
42;AB-SPM00021D-115.117-925-C01-642;;Armadura das lajes dos vãos 25 a 28;;;;;;
43;AB-SPM00021D-115.117-925-C01-643;;Armadura da laje do vão 29;;;;;;
;;;;;;;;;
;;;;;;;;;
;AS BUILT;;;;;;;;
;AB-SPM00021D-115.117-925-C01-650;A;Armadura dos blocos, pilares e travamento dos apoios 3 a 28 - ALTERNATIVA;;2026-02-06 00:00:00;;;;
;AB-SPM00021D-115.117-925-C01-651;A;Armadura do blocos, pilares e travamento do apoio 2 - ALTERNATIVA;;2026-02-06 00:00:00;;;;
;;;;;;;;;
;;;;;;;;;
;;;;;;;;;
;;;;;;;;;
;;;;;;;;;
;;;;;;;;;
;;;;;;;;;
;;;;;;;;;
;;;;;;;;;
;;;;;;;;;
;;;;;;;;;
;;;;;;;;;
;;;;;;;;;
;;;;;;;;;
;;;;;;;;;
;;;;;;;;;
;;;;;;;;;
;;;;;;;;;
;;;;;;;;;
;;;;;;;;;
;;;;;;;;;
;;;;;;;;;
;;;;;;;;;
;;;;;;;;;
;;;;;;;;;
;;;;;;;;;
;;;;;;;;;
;;;;;;;;;
;;;;;;;;;
;;;;;;;;;
;;;;;;;;;
;;;;;;;;;
;;;;;;;;;
;;;;;;;;;
;;;;;;;;;
;;;;;;;;;
;;;;;;;;;
;;;;;;;;;
;;;;;;;;;
;;;;;;;;;
;;;;;;;;;
;;;;;;;;;
;;;;;;;;;
;;;;;;;;;
;;;;;;;;;
;;;;;;;;;
;;;;;;;;;
;;;;;;;;;
;;;;;;;;;
;;;;;;;;;
;;;;;;;;;
;;;;;;;;;
;;;;;;;;;
;;;;;;;;;
;;;;;;;;;
;;;;;;;;;
;;;;;;;;;
;;;;;;;;;
;;;;;;;;;
;;;;;;;;;
;;;;;;;;;
;;;;;;;;;
;;;;;;;;;
;;;;;;;;;
;;;;;;;;;
;;;;;;;;;
;;;;;;;;;
;;;;;;;;;
;;;;;;;;;
;;;;                ;;;;;
;;;;;;;;;
;;;Obra: ;Complexo Alto Tietê - OAE Agulha e Acesso - fase 3;;;P3940;;
;;;Estrada: ;SP-021 - Rodoanel Mário Covas - Leste;;;;;
;;;km / estaca: ;km 114+600 ao  km 117+000;;;;;
N;FOL / CÓD.;REV.;ASSUNTO;;R0;R1;R2;R3;
;;;;;;;;;
1;AB-SPM00021D-115.117-925-C01-101;1;Implantação - Planta, elevação e sondagens - apoios 1 a 5;;2025-10-03 00:00:00;2026-02-24 00:00:00;;;
2;AB-SPM00021D-115.117-925-C01-102;0;Formas - Plantas da superestrutura;;2025-10-20 00:00:00;;;;
3;AB-SPM00021D-115.117-925-C01-103;1;Formas - Seções e detalhes do apoio 1;;2025-10-03 00:00:00;2026-02-24 00:00:00;;;
4;AB-SPM00021D-115.117-925-C01-104;2;Formas - Seções e detalhes do apoio 2;;2025-10-03 00:00:00;2025-10-30 00:00:00;2026-02-24 00:00:00;;
5;AB-SPM00021D-115.117-925-C01-105;1;Formas - Seções e detalhes do apoio 3;;2025-10-30 00:00:00;2026-02-24 00:00:00;;;
6;AB-SPM00021D-115.117-925-C01-106;1;Formas - Seções e detalhes do apoio 4;;2025-10-20 00:00:00;2026-02-24 00:00:00;;;
7;AB-SPM00021D-115.117-925-C01-107;2;Formas - Seções e detalhes do apoio 5;;2025-10-03 00:00:00;2025-10-30 00:00:00;2026-02-24 00:00:00;;
8;AB-SPM00021D-115.117-925-C01-108;1;Armadura dos blocos, pilares e travamento do apoio 1;;2025-11-12 00:00:00;2026-02-25 00:00:00;;;
9;AB-SPM00021D-115.117-925-C01-109;1;Armadura dos blocos, pilares e travamento do apoio 2;;2026-02-06 00:00:00;2026-02-25 00:00:00;;;
10;AB-SPM00021D-115.117-925-C01-110;1;Armadura dos blocos, pilares e travamento do apoio 3;;2026-02-06 00:00:00;2026-02-25 00:00:00;;;
11;AB-SPM00021D-115.117-925-C01-111;1;Armadura dos blocos, pilares e travamento do apoio 4;;2026-02-06 00:00:00;2026-02-25 00:00:00;;;
12;AB-SPM00021D-115.117-925-C01-112;0;Armadura da travessa do apoio 1;;2026-03-27 00:00:00;;;;
13;AB-SPM00021D-115.117-925-C01-113;0;Armadura da travessa do apoio 2;;2026-03-27 00:00:00;;;;
14;AB-SPM00021D-115.117-925-C01-114;0;Armadura da travessa do apoio 3;;2026-03-27 00:00:00;;;;
15;AB-SPM00021D-115.117-925-C01-115;0;Armadura da travessa do apoio 4;;2026-03-27 00:00:00;;;;
16;AB-SPM00021D-115.117-925-C01-116;;Armadura da travessa do apoio 5;;;;;;
17;AB-SPM00021D-115.117-925-C01-117;;Cablagem da viga pré-moldada de 40.00m (vão 2);;;;;;
18;AB-SPM00021D-115.117-925-C01-118;;Armadura suplementar da viga pré-moldada de 40.00m (vão 2);;;;;;
19;AB-SPM00021D-115.117-925-C01-119;;Cablagem da viga pré-moldada de 38.00m (vão 3);;;;;;
20;AB-SPM00021D-115.117-925-C01-120;;Armadura suplementar da viga pré-moldada de 38.00m (vão 3);;;;;;
21;AB-SPM00021D-115.117-925-C01-121;0;Cablagem da viga pré-moldada de 31.80m (V3.3 do vão 3);;2026-03-27 00:00:00;;;;
22;AB-SPM00021D-115.117-925-C01-122;0;Armadura suplementar da viga pré-moldada de 31.80m (vão 3);;2026-03-27 00:00:00;;;;
23;AB-SPM00021D-115.117-925-C01-123;0;Cablagem da viga pré-moldada de 26.50m (vão 4);;2025-12-10 00:00:00;;;;
24;AB-SPM00021D-115.117-925-C01-124;0;Armadura suplementar da viga pré-moldada de 26.50m (vão 4);;2025-12-10 00:00:00;;;;
25;AB-SPM00021D-115.117-925-C01-125;;Cablagem da viga pré-moldada de 25.60m (vão 3);;;;;;
26;AB-SPM00021D-115.117-925-C01-126;;Armadura suplementar da viga pré-moldada de 25.60m (vão 3);;;;;;
27;AB-SPM00021D-115.117-925-C01-127;;Cablagem da viga pré-moldada de 20.90m (vão 3);;;;;;
28;AB-SPM00021D-115.117-925-C01-128;;Armadura suplementar da viga pré-moldada de 20.90m (vão 3);;;;;;
29;AB-SPM00021D-115.117-925-C01-129;;Cablagem da viga pré-moldada de 38.00m (vão 1);;;;;;
30;AB-SPM00021D-115.117-925-C01-130;;Armadura suplementar da viga pré-moldada de 38.00m (vão 1);;;;;;
31;AB-SPM00021D-115.117-925-C01-131;;Forma e armadura das pré-lajes do vão 1;;;;;;
32;AB-SPM00021D-115.117-925-C01-132;;Forma e armadura das pré-lajes do vão 2;;;;;;
33;AB-SPM00021D-115.117-925-C01-133;;Forma e armadura das pré-lajes do vão 3;;;;;;
34;AB-SPM00021D-115.117-925-C01-134;;Forma e armadura das pré-lajes do vão 4;;;;;;
35;AB-SPM00021D-115.117-925-C01-135;;Armadura das transversinas do vão 1;;;;;;
36;AB-SPM00021D-115.117-925-C01-136;;Armadura das transversinas do vão 2;;;;;;
37;AB-SPM00021D-115.117-925-C01-137;;Armadura das transversinas do vão 3;;;;;;
38;AB-SPM00021D-115.117-925-C01-138;;Armadura das transversinas do vão 4;;;;;;
39;AB-SPM00021D-115.117-925-C01-139;;Armadura das lajes do vão 1;;;;;;
40;AB-SPM00021D-115.117-925-C01-140;;Armadura das lajes do vão 2;;;;;;
41;AB-SPM00021D-115.117-925-C01-141;;Armadura das lajes dos vãos 3 e 4;;;;;;
;;;;;;;;;
;;;Obra: ;Complexo Alto Tietê - Alargamento Ramo 200 - fase 3;;;P3950;;
;;;Estrada: ;SP-021 - Rodoanel Mário Covas - Leste;;;;;
;;;km / estaca: ;km 114+600 ao  km 117+000;;;;;
N;FOL / CÓD.;REV.;ASSUNTO;;R0;R1;R2;R3;
;;;;;;;;;
1;AB-SPM00021D-115.117-925-C01-301;1;Implantação - Planta, elevação e sondagens - apoios 1 a 11;;2026-02-13 00:00:00;2026-03-16 00:00:00;;;
2;AB-SPM00021D-115.117-925-C01-302;0;Implantação - Planta, elevação e sondagens - apoios 11 a 19;;2026-02-13 00:00:00;;;;
3;AB-SPM00021D-115.117-925-C01-303;0;Implantação - Planta, elevação e sondagens - apoios 19 a 25;;2026-02-26 00:00:00;;;;
4;AB-SPM00021D-115.117-925-C01-304;;Formas - Plantas - parte 1/2;;;;;;
5;AB-SPM00021D-115.117-925-C01-305;;Formas - Plantas - parte 2/2;;;;;;
6;AB-SPM00021D-115.117-925-C01-306;;Formas - Seções e detalhes do apoio 1;;;;;;
7;AB-SPM00021D-115.117-925-C01-307;;Formas - Seções e detalhes do apoio 2;;;;;;
8;AB-SPM00021D-115.117-925-C01-308;;Formas - Seções e detalhes do apoio 3;;;;;;
9;AB-SPM00021D-115.117-925-C01-309;;Formas - Seções e detalhes do apoio 4;;;;;;
10;AB-SPM00021D-115.117-925-C01-310;;Formas - Seções e detalhes dos apoios 5 a 13;;;;;;
11;AB-SPM00021D-115.117-925-C01-311;;Formas - Seções e detalhes dos apoios 14 a 16;;;;;;
12;AB-SPM00021D-115.117-925-C01-312;;Formas - Seções e detalhes do apoio 17;;;;;;
13;AB-SPM00021D-115.117-925-C01-313;;Formas - Seções e detalhes do apoio 18;;;;;;
14;AB-SPM00021D-115.117-925-C01-314;;Formas - Seções e detalhes do apoio 19;;;;;;
15;AB-SPM00021D-115.117-925-C01-315;;Formas - Seções e detalhes do apoio 20;;;;;;
16;AB-SPM00021D-115.117-925-C01-316;;Formas - Seções e detalhes do apoio 21;;;;;;
17;AB-SPM00021D-115.117-925-C01-317;0;Formas - Seções e detalhes dos apoios 22 a 24;;2026-03-16 00:00:00;;;;
18;AB-SPM00021D-115.117-925-C01-318;0;Formas - Seções e detalhes do apoio 25;;2026-03-16 00:00:00;;;;
19;AB-SPM00021D-115.117-925-C01-319;1;Armadura da fundação - estacas tipo raiz - apoios 1 a 25;;2026-01-14 00:00:00;2026-02-05 00:00:00;;;
20;AB-SPM00021D-115.117-925-C01-320;0;Armadura dos blocos e pilares do apoio 1;;2026-02-26 00:00:00;;;;
21;AB-SPM00021D-115.117-925-C01-321;0;Armadura dos bloco e pilar do apoio 2;;2026-02-26 00:00:00;;;;
22;AB-SPM00021D-115.117-925-C01-322;0;Armadura dos blocos e pilares dos apoios 3 a 16 e 22 a 25;;2026-02-13 00:00:00;;;;
23;AB-SPM00021D-115.117-925-C01-323;0;Armadura dos blocos e pilares dos apoios 17 e 18;;2026-02-26 00:00:00;;;;
24;AB-SPM00021D-115.117-925-C01-324;0;Armadura do bloco e pilar do apoio 19;;2026-03-13 00:00:00;;;;
25;AB-SPM00021D-115.117-925-C01-325;0;Armadura do bloco e pilar do apoio 20;;2026-02-13 00:00:00;;;;
26;AB-SPM00021D-115.117-925-C01-326;0;Armadura do bloco e pilar do apoio 21;;2026-02-13 00:00:00;;;;
27;AB-SPM00021D-115.117-925-C01-327;;Armadura da travessa do apoio 1;;;;;;
28;AB-SPM00021D-115.117-925-C01-328;;Armadura da travessa do apoio 2;;;;;;
29;AB-SPM00021D-115.117-925-C01-329;;Armadura das travessas dos apoios 3 a 16 (ap. 3 diferente);;;;;;
30;AB-SPM00021D-115.117-925-C01-330;;Armadura da travessa do apoio 17;;;;;;
31;AB-SPM00021D-115.117-925-C01-331;;Armadura da travessa do apoio 18;;;;;;
32;AB-SPM00021D-115.117-925-C01-332;;Armadura da travessa do apoio 19;;;;;;
33;AB-SPM00021D-115.117-925-C01-333;;Armadura da travessa do apoio 20;;;;;;
34;AB-SPM00021D-115.117-925-C01-334;;Armadura da travessa do apoio 21;;;;;;
35;AB-SPM00021D-115.117-925-C01-335;0;Armadura das travessas dos apoios 22 a 25 (ap. 25 diferente);;2026-03-16 00:00:00;;;;
36;AB-SPM00021D-115.117-925-C01-336;0;Armadura da viga de 12.10m;;2026-03-16 00:00:00;;;;
37;AB-SPM00021D-115.117-925-C01-337;0;Armadura da viga de 11.64m (V1.2 / vão 1);;2026-03-16 00:00:00;;;;
38;AB-SPM00021D-115.117-925-C01-338;0;Armadura da viga de 11.26m (V1.3 / vão 1);;2026-03-16 00:00:00;;;;
39;AB-SPM00021D-115.117-925-C01-339;0;Armadura da viga de 10.96m (V1.4 / vão 1);;2026-03-16 00:00:00;;;;
40;AB-SPM00021D-115.117-925-C01-340;;Cablagem da viga pré-moldada de 22.00m;;;;;;
41;AB-SPM00021D-115.117-925-C01-341;;Armadura suplementar da viga pré-moldada 22.00m;;;;;;
42;AB-SPM00021D-115.117-925-C01-342;;Cablagem da viga pré-moldada de 16.70m;;;;;;
43;AB-SPM00021D-115.117-925-C01-343;;Armadura suplementar da viga pré-moldada 16.70m;;;;;;
44;AB-SPM00021D-115.117-925-C01-344;;Cablagem da viga pré-moldada de 32.60m;;;;;;
45;AB-SPM00021D-115.117-925-C01-345;;Armadura suplementar da viga pré-moldada 32.60m;;;;;;
46;AB-SPM00021D-115.117-925-C01-346;;Cablagem da viga pré-moldada de 30.70m;;;;;;
47;AB-SPM00021D-115.117-925-C01-347;;Armadura suplementar da viga pré-moldada 30.70m;;;;;;
48;AB-SPM00021D-115.117-925-C01-348;;Forma e armadura das pré-lajes do vão 1;;;;;;
49;AB-SPM00021D-115.117-925-C01-349;;Forma e armadura das pré-lajes do vão 2;;;;;;
50;AB-SPM00021D-115.117-925-C01-350;;Forma e armadura das pré-lajes dos vãos 3 a 16 e 21 a 24;;;;;;
51;AB-SPM00021D-115.117-925-C01-351;;Forma e armadura das pré-lajes dos vãos 17 a 20;;;;;;
52;AB-SPM00021D-115.117-925-C01-352;;Armadura das transversinas do vão 1;;;;;;
53;AB-SPM00021D-115.117-925-C01-353;;Armadura das transversinas do vão 2;;;;;;
54;AB-SPM00021D-115.117-925-C01-354;;Armadura das transversinas dos vãos 3 a 16 e 21 a 24;;;;;;
55;AB-SPM00021D-115.117-925-C01-355;;Armadura das transversinas dos vãos 17 e 18;;;;;;
56;AB-SPM00021D-115.117-925-C01-356;;Armadura das transversinas dos vãos 19 e 20;;;;;;
57;AB-SPM00021D-115.117-925-C01-357;;Armadura das lajes dos vãos 1 a 5;;;;;;
58;AB-SPM00021D-115.117-925-C01-358;;Armadura das lajes dos vãos 5 a 16;;;;;;
59;AB-SPM00021D-115.117-925-C01-359;;Armadura das lajes dos vãos 17 a 20;;;;;;
60;AB-SPM00021D-115.117-925-C01-360;;Armadura das lajes dos vãos 21 a 24;;;;;;
;;;;;;;;;
;;;;;;;;;
;;;;;;;;;
;;;;;;;;;
;;;;;;;;;
;;;;;;;;;
;;;;;;;;;
;;;;;;;;;
;;;;;;;;;
;;;;;;;;;
;;;;;;;;;
;;;;;;;;;
;;;;;;;;;
;;;;;;;;;
;;;;;;;;;
;;;;;;;;;
;;;;;;;;;
;;;;;;;;;
;;;;;;;;;
;;;;;;;;;
;;;;;;;;;
;;;;;;;;;
;;;;;;;;;
;;;;;;;;;
;;;;;;;;;
;;;;;;;;;
;;;;;;;;;
;;;;;;;;;
;;;;;;;;;
;;;;;;;;;
;;;;;;;;;
;;;;;;;;;
;;;;;;;;;
;;;;;;;;;
;;;;;;;;;
;;;;;;;;;
;;;;;;;;;
;;;;;;;;;
;;;;;;;;;
;;;;;;;;;
;;;;;;;;;
;;;;;;;;;
;;;;;;;;;
;;;;;;;;;
;;;;;;;;;
;;;;;;;;;
;;;;;;;;;
;;;;;;;;;
;;;;;;;;;
;;;;;;;;;
;;;;;;;;;
;;;;;;;;;
;;;;;;;;;
;;;;;;;;;
;;;;;;;;;
;;;;;;;;;
;;;;;;;;;
;;;;;;;;;
;;;;;;;;;
;;;;;;;;;
;;;;;;;;;
;;;;;;;;;
;;;;;;;;;
;;;;;;;;;
;;;;;;;;;
;;;;;;;;;
;;;;;;;;;
;;;;;;;;;
;;;;;;;;;
;;;;                ;;;;;
